Sleep,Program
05-04-2023,5th Floor Female
05-04-2023,Day Sleep (3rd Floor)
04-04-2023,Day Sleep (3rd Floor)
04-04-2023,5th Floor Female
03-04-2023,Day Sleep (3rd Floor)
03-04-2023,5th Floor Female
02-04-2023,5th Floor Female
01-04-2023,Day Sleep (3rd Floor)
01-04-2023,5th Floor Female
31-03-2023,Day Sleep (3rd Floor)
31-03-2023,5th Floor Female
30-03-2023,5th Floor Female
29-03-2023,Day Sleep (3rd Floor)
29-03-2023,5th Floor Female
28-03-2023,5th Floor Female
28-03-2023,Day Sleep (3rd Floor)
27-03-2023,5th Floor Female
26-03-2023,Day Sleep (3rd Floor)
26-03-2023,5th Floor Female
25-03-2023,Day Sleep (3rd Floor)
25-03-2023,5th Floor Female
23-03-2023,5th Floor Female
22-03-2023,5th Floor Female
21-03-2023,Day Sleep (3rd Floor)
21-03-2023,5th Floor Female
20-03-2023,Day Sleep (3rd Floor)
20-03-2023,5th Floor Female
19-03-2023,5th Floor Female
19-03-2023,Day Sleep (3rd Floor)
18-03-2023,5th Floor Female
18-03-2023,Day Sleep (3rd Floor)
17-03-2023,5th Floor Female
16-03-2023,5th Floor Female
15-03-2023,5th Floor Female
15-03-2023,Day Sleep (3rd Floor)
14-03-2023,5th Floor Female
13-03-2023,5th Floor Female
12-03-2023,5th Floor Female
12-03-2023,Day Sleep (3rd Floor)
11-03-2023,5th Floor Female
10-03-2023,5th Floor Female
09-03-2023,Day Sleep (3rd Floor)
09-03-2023,5th Floor Female
08-03-2023,5th Floor Female
07-03-2023,5th Floor Female
07-03-2023,Day Sleep (3rd Floor)
06-03-2023,Day Sleep (3rd Floor)
05-03-2023,5th Floor Female
04-03-2023,5th Floor Female
03-03-2023,5th Floor Female
02-03-2023,5th Floor Female
01-03-2023,5th Floor Female
28-02-2023,Day Sleep (3rd Floor)
28-02-2023,5th Floor Female
27-02-2023,5th Floor Female
27-02-2023,Day Sleep (3rd Floor)
26-02-2023,5th Floor Female
25-02-2023,5th Floor Female
24-02-2023,5th Floor Female
23-02-2023,Day Sleep (3rd Floor)
23-02-2023,5th Floor Female
22-02-2023,5th Floor Female
22-02-2023,Day Sleep (3rd Floor)
21-02-2023,5th Floor Female
21-02-2023,Day Sleep (3rd Floor)
20-02-2023,5th Floor Female
20-02-2023,Day Sleep (3rd Floor)
19-02-2023,Day Sleep (3rd Floor)
19-02-2023,5th Floor Female
18-02-2023,5th Floor Female
18-02-2023,Day Sleep (3rd Floor)
17-02-2023,Day Sleep (3rd Floor)
17-02-2023,5th Floor Female
16-02-2023,5th Floor Female
15-02-2023,5th Floor Female
15-02-2023,Day Sleep (3rd Floor)
14-02-2023,5th Floor Female
14-02-2023,Day Sleep (3rd Floor)
13-02-2023,5th Floor Female
13-02-2023,Day Sleep (3rd Floor)
12-02-2023,Day Sleep (3rd Floor)
12-02-2023,5th Floor Female
11-02-2023,Day Sleep (3rd Floor)
11-02-2023,5th Floor Female
10-02-2023,Day Sleep (3rd Floor)
10-02-2023,5th Floor Female
09-02-2023,5th Floor Female
09-02-2023,Day Sleep (3rd Floor)
08-02-2023,5th Floor Female
07-02-2023,5th Floor Female
07-02-2023,Day Sleep (3rd Floor)
06-02-2023,Day Sleep (3rd Floor)
06-02-2023,5th Floor Female
05-02-2023,Day Sleep (3rd Floor)
05-02-2023,5th Floor Female
04-02-2023,5th Floor Female
04-02-2023,Day Sleep (3rd Floor)
03-02-2023,5th Floor Female
03-02-2023,Day Sleep (3rd Floor)
02-02-2023,5th Floor Female
02-02-2023,Day Sleep (3rd Floor)
01-02-2023,5th Floor Female
01-02-2023,Day Sleep (3rd Floor)
31-01-2023,Day Sleep (3rd Floor)
31-01-2023,5th Floor Female
30-01-2023,Day Sleep (3rd Floor)
30-01-2023,5th Floor Female
29-01-2023,5th Floor Female
29-01-2023,Day Sleep (3rd Floor)
28-01-2023,5th Floor Female
27-01-2023,5th Floor Female
27-01-2023,Day Sleep (3rd Floor)
26-01-2023,Day Sleep (3rd Floor)
26-01-2023,5th Floor Female
25-01-2023,5th Floor Female
25-01-2023,Day Sleep (3rd Floor)
24-01-2023,5th Floor Female
24-01-2023,Day Sleep (3rd Floor)
23-01-2023,5th Floor Female
23-01-2023,Day Sleep (3rd Floor)
22-01-2023,5th Floor Female
22-01-2023,Day Sleep (3rd Floor)
21-01-2023,5th Floor Female
21-01-2023,Day Sleep (3rd Floor)
20-01-2023,5th Floor Female
20-01-2023,Day Sleep (3rd Floor)
19-01-2023,Day Sleep (3rd Floor)
19-01-2023,5th Floor Female
18-01-2023,5th Floor Female
18-01-2023,Day Sleep (3rd Floor)
17-01-2023,5th Floor Female
17-01-2023,Day Sleep (3rd Floor)
16-01-2023,Day Sleep (3rd Floor)
16-01-2023,5th Floor Female
15-01-2023,5th Floor Female
15-01-2023,Day Sleep (3rd Floor)
14-01-2023,5th Floor Female
14-01-2023,Day Sleep (3rd Floor)
13-01-2023,5th Floor Female
12-01-2023,Day Sleep (3rd Floor)
12-01-2023,5th Floor Female
11-01-2023,Day Sleep (3rd Floor)
11-01-2023,5th Floor Female
10-01-2023,5th Floor Female
10-01-2023,Day Sleep (3rd Floor)
09-01-2023,5th Floor Female
09-01-2023,Day Sleep (3rd Floor)
08-01-2023,5th Floor Female
08-01-2023,Day Sleep (3rd Floor)
08-01-2023,5th Floor Female
07-01-2023,5th Floor Female
06-01-2023,Day Sleep (3rd Floor)
05-01-2023,5th Floor Female
05-01-2023,Day Sleep (3rd Floor)
04-01-2023,Day Sleep (3rd Floor)
04-01-2023,5th Floor Female
03-01-2023,5th Floor Female
03-01-2023,5th Floor Female
03-01-2023,Day Sleep (3rd Floor)
02-01-2023,5th Floor Female
01-01-2023,5th Floor Female
01-01-2023,Day Sleep (3rd Floor)
31-12-2022,Day Sleep (3rd Floor)
31-12-2022,5th Floor Female
30-12-2022,5th Floor Female
30-12-2022,Day Sleep (3rd Floor)
29-12-2022,Day Sleep (3rd Floor)
29-12-2022,5th Floor Female
28-12-2022,5th Floor Female
28-12-2022,Day Sleep (3rd Floor)
27-12-2022,Day Sleep (3rd Floor)
27-12-2022,5th Floor Female
26-12-2022,5th Floor Female
26-12-2022,Day Sleep (3rd Floor)
25-12-2022,5th Floor Female
25-12-2022,Day Sleep (3rd Floor)
24-12-2022,5th Floor Female
24-12-2022,Day Sleep (3rd Floor)
23-12-2022,5th Floor Female
22-12-2022,Day Sleep (3rd Floor)
22-12-2022,5th Floor Female
21-12-2022,5th Floor Female
20-12-2022,Day Sleep (3rd Floor)
20-12-2022,5th Floor Female
19-12-2022,Day Sleep (3rd Floor)
19-12-2022,5th Floor Female
18-12-2022,5th Floor Female
18-12-2022,Day Sleep (3rd Floor)
17-12-2022,Day Sleep (3rd Floor)
17-12-2022,5th Floor Female
16-12-2022,5th Floor Female
16-12-2022,Day Sleep (3rd Floor)
15-12-2022,5th Floor Female
14-12-2022,Day Sleep (3rd Floor)
14-12-2022,5th Floor Female
13-12-2022,Day Sleep (3rd Floor)
13-12-2022,5th Floor Female
12-12-2022,Day Sleep (3rd Floor)
12-12-2022,5th Floor Female
11-12-2022,Day Sleep (3rd Floor)
10-12-2022,Day Sleep (3rd Floor)
10-12-2022,5th Floor Female
09-12-2022,Day Sleep (3rd Floor)
08-12-2022,Day Sleep (3rd Floor)
08-12-2022,5th Floor Female
07-12-2022,Day Sleep (3rd Floor)
07-12-2022,5th Floor Female
06-12-2022,Day Sleep (3rd Floor)
06-12-2022,5th Floor Female
05-12-2022,Day Sleep (3rd Floor)
05-12-2022,5th Floor Female
04-12-2022,Day Sleep (3rd Floor)
04-12-2022,5th Floor Female
03-12-2022,Day Sleep (3rd Floor)
03-12-2022,5th Floor Female
02-12-2022,Day Sleep (3rd Floor)
02-12-2022,5th Floor Female
01-12-2022,Day Sleep (3rd Floor)
01-12-2022,5th Floor Female
30-11-2022,5th Floor Female
29-11-2022,Day Sleep (3rd Floor)
29-11-2022,5th Floor Female
28-11-2022,Day Sleep (3rd Floor)
28-11-2022,5th Floor Female
27-11-2022,5th Floor Female
27-11-2022,Day Sleep (3rd Floor)
26-11-2022,5th Floor Female
25-11-2022,Day Sleep (3rd Floor)
25-11-2022,5th Floor Female
24-11-2022,Day Sleep (3rd Floor)
24-11-2022,5th Floor Female
23-11-2022,Day Sleep (3rd Floor)
22-11-2022,5th Floor Female
21-11-2022,3rd Floor Female
20-11-2022,3rd Floor Female
20-11-2022,Day Sleep (3rd Floor)
18-11-2022,3rd Floor Female
18-11-2022,Day Sleep (3rd Floor)
17-11-2022,3rd Floor Female
17-11-2022,Day Sleep (3rd Floor)
16-11-2022,2nd Floor Night Overflow
16-11-2022,Day Sleep (3rd Floor)
15-11-2022,3rd Floor Female
15-11-2022,Day Sleep (3rd Floor)
14-11-2022,3rd Floor Female
14-11-2022,Day Sleep (3rd Floor)
13-11-2022,3rd Floor Female
13-11-2022,Day Sleep (3rd Floor)
12-11-2022,3rd Floor Female
12-11-2022,Day Sleep (3rd Floor)
11-11-2022,3rd Floor Female
11-11-2022,Day Sleep (3rd Floor)
10-11-2022,3rd Floor Female
10-11-2022,Day Sleep (3rd Floor)
09-11-2022,3rd Floor Female
09-11-2022,Day Sleep (3rd Floor)
08-11-2022,3rd Floor Female
08-11-2022,Day Sleep (3rd Floor)
07-11-2022,3rd Floor Female
07-11-2022,Day Sleep (3rd Floor)
06-11-2022,3rd Floor Female
06-11-2022,Day Sleep (3rd Floor)
05-11-2022,3rd Floor Female
05-11-2022,3rd Floor Female
04-11-2022,3rd Floor Female
04-11-2022,Day Sleep (3rd Floor)
03-11-2022,Day Sleep (3rd Floor)
02-11-2022,Day Sleep (3rd Floor)
01-11-2022,5th Floor Female
31-10-2022,Day Sleep (3rd Floor)
31-10-2022,5th Floor Female
30-10-2022,5th Floor Female
29-10-2022,5th Floor Female
28-10-2022,5th Floor Female
27-10-2022,5th Floor Female
27-10-2022,Day Sleep (3rd Floor)
26-10-2022,5th Floor Female
26-10-2022,Day Sleep (3rd Floor)
25-10-2022,Day Sleep (3rd Floor)
25-10-2022,5th Floor Female
24-10-2022,Day Sleep (3rd Floor)
24-10-2022,5th Floor Female
23-10-2022,Day Sleep (3rd Floor)
23-10-2022,5th Floor Female
22-10-2022,5th Floor Female
22-10-2022,Day Sleep (3rd Floor)
21-10-2022,5th Floor Female
21-10-2022,Day Sleep (3rd Floor)
20-10-2022,Day Sleep (3rd Floor)
20-10-2022,5th Floor Female
19-10-2022,Day Sleep (3rd Floor)
19-10-2022,5th Floor Female
18-10-2022,5th Floor Female
17-10-2022,Day Sleep (3rd Floor)
17-10-2022,5th Floor Female
16-10-2022,5th Floor Female
14-10-2022,5th Floor Female
13-10-2022,Day Sleep (3rd Floor)
13-10-2022,5th Floor Female
12-10-2022,5th Floor Female
12-10-2022,Day Sleep (3rd Floor)
11-10-2022,Day Sleep (3rd Floor)
10-10-2022,Day Sleep (3rd Floor)
10-10-2022,5th Floor Female
09-10-2022,Day Sleep (3rd Floor)
09-10-2022,5th Floor Female
08-10-2022,Day Sleep (3rd Floor)
07-10-2022,5th Floor Female
06-10-2022,Day Sleep (3rd Floor)
06-10-2022,5th Floor Female
05-10-2022,5th Floor Female
03-10-2022,Day Sleep (3rd Floor)
03-10-2022,5th Floor Female
02-10-2022,Day Sleep (3rd Floor)
02-10-2022,5th Floor Female
01-10-2022,5th Floor Female
29-09-2022,5th Floor Female
28-09-2022,Day Sleep (3rd Floor)
28-09-2022,5th Floor Female
27-09-2022,Day Sleep (3rd Floor)
27-09-2022,5th Floor Female
26-09-2022,Day Sleep (3rd Floor)
26-09-2022,5th Floor Female
25-09-2022,Day Sleep (3rd Floor)
25-09-2022,5th Floor Female
24-09-2022,Day Sleep (3rd Floor)
24-09-2022,5th Floor Female
23-09-2022,5th Floor Female
22-09-2022,Day Sleep (3rd Floor)
22-09-2022,5th Floor Female
21-09-2022,5th Floor Female
20-09-2022,Day Sleep (3rd Floor)
20-09-2022,5th Floor Female
19-09-2022,5th Floor Female
17-09-2022,5th Floor Female
15-09-2022,5th Floor Female
14-09-2022,Day Sleep (3rd Floor)
14-09-2022,5th Floor Female
13-09-2022,5th Floor Female
12-09-2022,Day Sleep (3rd Floor)
12-09-2022,5th Floor Female
11-09-2022,Day Sleep (3rd Floor)
11-09-2022,5th Floor Female
09-09-2022,5th Floor Female
08-09-2022,Day Sleep (3rd Floor)
08-09-2022,5th Floor Female
07-09-2022,Day Sleep (3rd Floor)
07-09-2022,5th Floor Female
06-09-2022,5th Floor Female
05-09-2022,5th Floor Female
04-09-2022,Day Sleep (3rd Floor)
03-09-2022,Day Sleep (3rd Floor)
02-09-2022,Day Sleep (3rd Floor)
01-09-2022,5th Floor Female
01-09-2022,Day Sleep (3rd Floor)
31-08-2022,5th Floor Female
28-08-2022,5th Floor Female
27-08-2022,5th Floor Female
26-08-2022,5th Floor Female
24-08-2022,3rd Floor Female
24-08-2022,Day Sleep (3rd Floor)
23-08-2022,3rd Floor Female
23-08-2022,Day Sleep (3rd Floor)
22-08-2022,3rd Floor Female
21-08-2022,3rd Floor Female
21-08-2022,Day Sleep (3rd Floor)
20-08-2022,3rd Floor Female
19-08-2022,3rd Floor Female
19-08-2022,Day Sleep (3rd Floor)
18-08-2022,3rd Floor Female
18-08-2022,Day Sleep (3rd Floor)
17-08-2022,Day Sleep (3rd Floor)
11-08-2022,Day Sleep (3rd Floor)
10-08-2022,3rd Floor Female
10-08-2022,Day Sleep (3rd Floor)
09-08-2022,3rd Floor Female
