Sleep,Program,,,,,,,,,,,,,,,,,,,
25-11-2021,4th Floor,,,,,,,,,,,,,,,,,,,
24-11-2021,4th Floor,,,,,,,,,,,,,,,,,,,
23-11-2021,4th Floor,,,,,,,,,,,,,,,,,,,
22-11-2021,4th Floor,,,,,,,,,,,,,,,,,,,
21-11-2021,4th Floor,,,,,,,,,,,,,,,,,,,
20-11-2021,4th Floor,,,,,,,,,,,,,,,,,,,
19-11-2021,4th Floor,,,,,,,,,,,,,,,,,,,
18-11-2021,4th Floor,,,,,,,,,,,,,,,,,,,
17-11-2021,4th Floor,,,,,,,,,,,,,,,,,,,
16-11-2021,4th Floor,,,,,,,,,,,,,,,,,,,
15-11-2021,4th Floor,,,,,,,,,,,,,,,,,,,
14-11-2021,4th Floor,,,,,,,,,,,,,,,,,,,
13-11-2021,4th Floor,,,,,,,,,,,,,,,,,,,
12-11-2021,4th Floor,,,,,,,,,,,,,,,,,,,
11-11-2021,4th Floor,,,,,,,,,,,,,,,,,,,
10-11-2021,4th Floor,,,,,,,,,,,,,,,,,,,
09-11-2021,4th Floor,,,,,,,,,,,,,,,,,,,
08-11-2021,4th Floor,,,,,,,,,,,,,,,,,,,
07-11-2021,4th Floor,,,,,,,,,,,,,,,,,,,
06-11-2021,4th Floor,,,,,,,,,,,,,,,,,,,
05-11-2021,4th Floor,,,,,,,,,,,,,,,,,,,
04-11-2021,4th Floor,,,,,,,,,,,,,,,,,,,
03-11-2021,4th Floor,,,,,,,,,,,,,,,,,,,
02-11-2021,4th Floor,,,,,,,,,,,,,,,,,,,
01-11-2021,4th Floor,,,,,,,,,,,,,,,,,,,
31-10-2021,4th Floor,,,,,,,,,,,,,,,,,,,
30-10-2021,4th Floor,,,,,,,,,,,,,,,,,,,
29-10-2021,4th Floor,,,,,,,,,,,,,,,,,,,
28-10-2021,4th Floor,,,,,,,,,,,,,,,,,,,
27-10-2021,4th Floor,,,,,,,,,,,,,,,,,,,
26-10-2021,4th Floor,,,,,,,,,,,,,,,,,,,
25-10-2021,4th Floor,,,,,,,,,,,,,,,,,,,
24-10-2021,4th Floor,,,,,,,,,,,,,,,,,,,
23-10-2021,4th Floor,,,,,,,,,,,,,,,,,,,
22-10-2021,4th Floor,,,,,,,,,,,,,,,,,,,
21-10-2021,4th Floor,,,,,,,,,,,,,,,,,,,
20-10-2021,4th Floor,,,,,,,,,,,,,,,,,,,
19-10-2021,4th Floor,,,,,,,,,,,,,,,,,,,
18-10-2021,4th Floor,,,,,,,,,,,,,,,,,,,
17-10-2021,4th Floor,,,,,,,,,,,,,,,,,,,
16-10-2021,4th Floor,,,,,,,,,,,,,,,,,,,
15-10-2021,4th Floor,,,,,,,,,,,,,,,,,,,
14-10-2021,4th Floor,,,,,,,,,,,,,,,,,,,
13-10-2021,4th Floor,,,,,,,,,,,,,,,,,,,
12-10-2021,4th Floor,,,,,,,,,,,,,,,,,,,
11-10-2021,4th Floor,,,,,,,,,,,,,,,,,,,
10-10-2021,4th Floor,,,,,,,,,,,,,,,,,,,
09-10-2021,4th Floor,,,,,,,,,,,,,,,,,,,
08-10-2021,4th Floor,,,,,,,,,,,,,,,,,,,
07-10-2021,4th Floor,,,,,,,,,,,,,,,,,,,
06-10-2021,4th Floor,,,,,,,,,,,,,,,,,,,
05-10-2021,4th Floor,,,,,,,,,,,,,,,,,,,
04-10-2021,4th Floor,,,,,,,,,,,,,,,,,,,
03-10-2021,4th Floor,,,,,,,,,,,,,,,,,,,
02-10-2021,4th Floor,,,,,,,,,,,,,,,,,,,
30-09-2021,4th Floor,,,,,,,,,,,,,,,,,,,
29-09-2021,4th Floor,,,,,,,,,,,,,,,,,,,
28-09-2021,4th Floor,,,,,,,,,,,,,,,,,,,
27-09-2021,4th Floor,,,,,,,,,,,,,,,,,,,
26-09-2021,4th Floor,,,,,,,,,,,,,,,,,,,
25-09-2021,4th Floor,,,,,,,,,,,,,,,,,,,
24-09-2021,4th Floor,,,,,,,,,,,,,,,,,,,
23-09-2021,4th Floor,,,,,,,,,,,,,,,,,,,
22-09-2021,4th Floor,,,,,,,,,,,,,,,,,,,
21-09-2021,4th Floor,,,,,,,,,,,,,,,,,,,
20-09-2021,2nd Floor Night Overflow,,,,,,,,,,,,,,,,,,,
18-09-2021,2nd Floor Night Overflow,,,,,,,,,,,,,,,,,,,
17-09-2021,2nd Floor Night Overflow,,,,,,,,,,,,,,,,,,,
31-08-2021,5th Floor Male,,,,,,,,,,,,,,,,,,,
30-08-2021,5th Floor Male,,,,,,,,,,,,,,,,,,,
29-08-2021,5th Floor Male,,,,,,,,,,,,,,,,,,,
28-08-2021,5th Floor Male,,,,,,,,,,,,,,,,,,,
27-08-2021,5th Floor Male,,,,,,,,,,,,,,,,,,,
26-08-2021,5th Floor Male,,,,,,,,,,,,,,,,,,,
25-08-2021,5th Floor Male,,,,,,,,,,,,,,,,,,,
24-08-2021,5th Floor Male,,,,,,,,,,,,,,,,,,,
23-08-2021,5th Floor Male,,,,,,,,,,,,,,,,,,,
22-08-2021,5th Floor Male,,,,,,,,,,,,,,,,,,,
21-08-2021,5th Floor Male,,,,,,,,,,,,,,,,,,,
20-08-2021,5th Floor Male,,,,,,,,,,,,,,,,,,,
19-08-2021,5th Floor Male,,,,,,,,,,,,,,,,,,,
18-08-2021,5th Floor Male,,,,,,,,,,,,,,,,,,,
17-08-2021,5th Floor Male,,,,,,,,,,,,,,,,,,,
16-08-2021,5th Floor Male,,,,,,,,,,,,,,,,,,,
15-08-2021,5th Floor Male,,,,,,,,,,,,,,,,,,,
14-08-2021,5th Floor Male,,,,,,,,,,,,,,,,,,,
13-08-2021,5th Floor Male,,,,,,,,,,,,,,,,,,,
12-08-2021,5th Floor Male,,,,,,,,,,,,,,,,,,,
11-08-2021,5th Floor Male,,,,,,,,,,,,,,,,,,,
10-08-2021,5th Floor Male,,,,,,,,,,,,,,,,,,,
09-08-2021,5th Floor Male,,,,,,,,,,,,,,,,,,,
08-08-2021,5th Floor Male,,,,,,,,,,,,,,,,,,,
07-08-2021,5th Floor Male,,,,,,,,,,,,,,,,,,,
06-08-2021,5th Floor Male,,,,,,,,,,,,,,,,,,,
05-08-2021,5th Floor Male,,,,,,,,,,,,,,,,,,,
04-08-2021,5th Floor Male,,,,,,,,,,,,,,,,,,,
03-08-2021,5th Floor Male,,,,,,,,,,,,,,,,,,,
01-08-2021,5th Floor Male,,,,,,,,,,,,,,,,,,,
29-07-2021,5th Floor Male,,,,,,,,,,,,,,,,,,,
28-07-2021,5th Floor Male,,,,,,,,,,,,,,,,,,,
27-07-2021,5th Floor Male,,,,,,,,,,,,,,,,,,,
26-07-2021,5th Floor Male,,,,,,,,,,,,,,,,,,,
25-07-2021,5th Floor Male,,,,,,,,,,,,,,,,,,,
24-07-2021,5th Floor Male,,,,,,,,,,,,,,,,,,,
23-07-2021,5th Floor Male,,,,,,,,,,,,,,,,,,,
22-07-2021,5th Floor Male,,,,,,,,,,,,,,,,,,,
21-07-2021,5th Floor Male,,,,,,,,,,,,,,,,,,,
20-07-2021,5th Floor Male,,,,,,,,,,,,,,,,,,,
19-07-2021,5th Floor Male,,,,,,,,,,,,,,,,,,,
18-07-2021,5th Floor Male,,,,,,,,,,,,,,,,,,,
17-07-2021,5th Floor Male,,,,,,,,,,,,,,,,,,,
16-07-2021,5th Floor Male,,,,,,,,,,,,,,,,,,,
15-07-2021,5th Floor Male,,,,,,,,,,,,,,,,,,,
14-07-2021,5th Floor Male,,,,,,,,,,,,,,,,,,,
13-07-2021,5th Floor Male,,,,,,,,,,,,,,,,,,,
12-07-2021,5th Floor Male,,,,,,,,,,,,,,,,,,,
11-07-2021,5th Floor Male,,,,,,,,,,,,,,,,,,,
10-07-2021,5th Floor Male,,,,,,,,,,,,,,,,,,,
09-07-2021,5th Floor Male,,,,,,,,,,,,,,,,,,,
08-07-2021,5th Floor Male,,,,,,,,,,,,,,,,,,,
07-07-2021,5th Floor Male,,,,,,,,,,,,,,,,,,,
06-07-2021,5th Floor Male,,,,,,,,,,,,,,,,,,,
29-06-2021,5th Floor Male,,,,,,,,,,,,,,,,,,,
28-06-2021,5th Floor Male,,,,,,,,,,,,,,,,,,,
27-06-2021,5th Floor Male,,,,,,,,,,,,,,,,,,,
26-06-2021,5th Floor Male,,,,,,,,,,,,,,,,,,,
25-06-2021,5th Floor Male,,,,,,,,,,,,,,,,,,,
24-06-2021,5th Floor Male,,,,,,,,,,,,,,,,,,,
23-06-2021,5th Floor Male,,,,,,,,,,,,,,,,,,,
22-06-2021,5th Floor Male,,,,,,,,,,,,,,,,,,,
21-06-2021,5th Floor Male,,,,,,,,,,,,,,,,,,,
20-06-2021,5th Floor Male,,,,,,,,,,,,,,,,,,,
19-06-2021,5th Floor Male,,,,,,,,,,,,,,,,,,,
18-06-2021,5th Floor Male,,,,,,,,,,,,,,,,,,,
17-06-2021,5th Floor Male,,,,,,,,,,,,,,,,,,,
16-06-2021,5th Floor Male,,,,,,,,,,,,,,,,,,,
15-06-2021,5th Floor Male,,,,,,,,,,,,,,,,,,,
14-06-2021,5th Floor Male,,,,,,,,,,,,,,,,,,,
13-06-2021,5th Floor Male,,,,,,,,,,,,,,,,,,,
12-06-2021,5th Floor Male,,,,,,,,,,,,,,,,,,,
11-06-2021,5th Floor Male,,,,,,,,,,,,,,,,,,,
10-06-2021,5th Floor Male,,,,,,,,,,,,,,,,,,,
09-06-2021,5th Floor Male,,,,,,,,,,,,,,,,,,,
08-06-2021,5th Floor Male,,,,,,,,,,,,,,,,,,,
07-06-2021,5th Floor Male,,,,,,,,,,,,,,,,,,,
02-06-2021,5th Floor Male,,,,,,,,,,,,,,,,,,,
01-06-2021,5th Floor Male,,,,,,,,,,,,,,,,,,,
31-05-2021,5th Floor Male,,,,,,,,,,,,,,,,,,,
30-05-2021,5th Floor Male,,,,,,,,,,,,,,,,,,,
29-05-2021,5th Floor Male,,,,,,,,,,,,,,,,,,,
28-05-2021,5th Floor Male,,,,,,,,,,,,,,,,,,,
27-05-2021,5th Floor Male,,,,,,,,,,,,,,,,,,,
26-05-2021,5th Floor Male,,,,,,,,,,,,,,,,,,,
25-05-2021,5th Floor Male,,,,,,,,,,,,,,,,,,,
24-05-2021,5th Floor Male,,,,,,,,,,,,,,,,,,,
23-05-2021,5th Floor Male,,,,,,,,,,,,,,,,,,,
22-05-2021,5th Floor Male,,,,,,,,,,,,,,,,,,,
21-05-2021,5th Floor Male,,,,,,,,,,,,,,,,,,,
20-05-2021,5th Floor Male,,,,,,,,,,,,,,,,,,,
19-05-2021,5th Floor Male,,,,,,,,,,,,,,,,,,,
18-05-2021,5th Floor Male,,,,,,,,,,,,,,,,,,,
17-05-2021,5th Floor Male,,,,,,,,,,,,,,,,,,,
16-05-2021,5th Floor Male,,,,,,,,,,,,,,,,,,,
15-05-2021,5th Floor Male,,,,,,,,,,,,,,,,,,,
14-05-2021,5th Floor Male,,,,,,,,,,,,,,,,,,,
13-05-2021,5th Floor Male,,,,,,,,,,,,,,,,,,,
12-05-2021,5th Floor Male,,,,,,,,,,,,,,,,,,,
11-05-2021,5th Floor Male,,,,,,,,,,,,,,,,,,,
10-05-2021,5th Floor Male,,,,,,,,,,,,,,,,,,,
09-05-2021,5th Floor Male,,,,,,,,,,,,,,,,,,,
08-05-2021,5th Floor Male,,,,,,,,,,,,,,,,,,,
07-05-2021,5th Floor Male,,,,,,,,,,,,,,,,,,,
01-05-2021,5th Floor Male,,,,,,,,,,,,,,,,,,,
30-04-2021,5th Floor Male,,,,,,,,,,,,,,,,,,,
29-04-2021,5th Floor Male,,,,,,,,,,,,,,,,,,,
28-04-2021,5th Floor Male,,,,,,,,,,,,,,,,,,,
27-04-2021,5th Floor Male,,,,,,,,,,,,,,,,,,,
26-04-2021,5th Floor Male,,,,,,,,,,,,,,,,,,,
25-04-2021,5th Floor Male,,,,,,,,,,,,,,,,,,,
24-04-2021,5th Floor Male,,,,,,,,,,,,,,,,,,,
23-04-2021,5th Floor Male,,,,,,,,,,,,,,,,,,,
22-04-2021,5th Floor Male,,,,,,,,,,,,,,,,,,,
21-04-2021,5th Floor Male,,,,,,,,,,,,,,,,,,,
20-04-2021,5th Floor Male,,,,,,,,,,,,,,,,,,,
19-04-2021,5th Floor Male,,,,,,,,,,,,,,,,,,,
18-04-2021,5th Floor Male,,,,,,,,,,,,,,,,,,,
17-04-2021,5th Floor Male,,,,,,,,,,,,,,,,,,,
16-04-2021,5th Floor Male,,,,,,,,,,,,,,,,,,,
15-04-2021,5th Floor Male,,,,,,,,,,,,,,,,,,,
14-04-2021,5th Floor Male,,,,,,,,,,,,,,,,,,,
13-04-2021,5th Floor Male,,,,,,,,,,,,,,,,,,,
12-04-2021,5th Floor Male,,,,,,,,,,,,,,,,,,,
11-04-2021,5th Floor Male,,,,,,,,,,,,,,,,,,,
10-04-2021,5th Floor Male,,,,,,,,,,,,,,,,,,,
09-04-2021,5th Floor Male,,,,,,,,,,,,,,,,,,,
08-04-2021,5th Floor Male,,,,,,,,,,,,,,,,,,,
07-04-2021,5th Floor Male,,,,,,,,,,,,,,,,,,,
06-04-2021,5th Floor Male,,,,,,,,,,,,,,,,,,,
05-04-2021,5th Floor Male,,,,,,,,,,,,,,,,,,,
31-03-2021,5th Floor Male,,,,,,,,,,,,,,,,,,,
30-03-2021,5th Floor Male,,,,,,,,,,,,,,,,,,,
29-03-2021,5th Floor Male,,,,,,,,,,,,,,,,,,,
28-03-2021,5th Floor Male,,,,,,,,,,,,,,,,,,,
27-03-2021,5th Floor Male,,,,,,,,,,,,,,,,,,,
26-03-2021,5th Floor Male,,,,,,,,,,,,,,,,,,,
25-03-2021,5th Floor Male,,,,,,,,,,,,,,,,,,,
24-03-2021,5th Floor Male,,,,,,,,,,,,,,,,,,,
23-03-2021,5th Floor Male,,,,,,,,,,,,,,,,,,,
22-03-2021,5th Floor Male,,,,,,,,,,,,,,,,,,,
21-03-2021,5th Floor Male,,,,,,,,,,,,,,,,,,,
20-03-2021,5th Floor Male,,,,,,,,,,,,,,,,,,,
19-03-2021,5th Floor Male,,,,,,,,,,,,,,,,,,,
18-03-2021,5th Floor Male,,,,,,,,,,,,,,,,,,,
17-03-2021,5th Floor Male,,,,,,,,,,,,,,,,,,,
16-03-2021,5th Floor Male,,,,,,,,,,,,,,,,,,,
15-03-2021,5th Floor Male,,,,,,,,,,,,,,,,,,,
14-03-2021,5th Floor Male,,,,,,,,,,,,,,,,,,,
13-03-2021,5th Floor Male,,,,,,,,,,,,,,,,,,,
12-03-2021,5th Floor Male,,,,,,,,,,,,,,,,,,,
11-03-2021,5th Floor Male,,,,,,,,,,,,,,,,,,,
10-03-2021,5th Floor Male,,,,,,,,,,,,,,,,,,,
09-03-2021,5th Floor Male,,,,,,,,,,,,,,,,,,,
08-03-2021,5th Floor Male,,,,,,,,,,,,,,,,,,,
07-03-2021,5th Floor Male,,,,,,,,,,,,,,,,,,,
06-03-2021,5th Floor Male,,,,,,,,,,,,,,,,,,,
26-02-2021,5th Floor Male,,,,,,,,,,,,,,,,,,,
25-02-2021,5th Floor Male,,,,,,,,,,,,,,,,,,,
24-02-2021,5th Floor Male,,,,,,,,,,,,,,,,,,,
23-02-2021,5th Floor Male,,,,,,,,,,,,,,,,,,,
22-02-2021,5th Floor Male,,,,,,,,,,,,,,,,,,,
21-02-2021,5th Floor Male,,,,,,,,,,,,,,,,,,,
20-02-2021,5th Floor Male,,,,,,,,,,,,,,,,,,,
19-02-2021,5th Floor Male,,,,,,,,,,,,,,,,,,,
18-02-2021,5th Floor Male,,,,,,,,,,,,,,,,,,,
17-02-2021,5th Floor Male,,,,,,,,,,,,,,,,,,,
16-02-2021,5th Floor Male,,,,,,,,,,,,,,,,,,,
15-02-2021,5th Floor Male,,,,,,,,,,,,,,,,,,,
14-02-2021,5th Floor Male,,,,,,,,,,,,,,,,,,,
13-02-2021,5th Floor Male,,,,,,,,,,,,,,,,,,,
11-02-2021,5th Floor Male,,,,,,,,,,,,,,,,,,,
30-01-2021,5th Floor Male,,,,,,,,,,,,,,,,,,,
29-01-2021,5th Floor Male,,,,,,,,,,,,,,,,,,,
28-01-2021,5th Floor Male,,,,,,,,,,,,,,,,,,,
27-01-2021,5th Floor Male,,,,,,,,,,,,,,,,,,,
26-01-2021,5th Floor Male,,,,,,,,,,,,,,,,,,,
25-01-2021,5th Floor Male,,,,,,,,,,,,,,,,,,,
24-01-2021,5th Floor Male,,,,,,,,,,,,,,,,,,,
23-01-2021,5th Floor Male,,,,,,,,,,,,,,,,,,,
22-01-2021,5th Floor Male,,,,,,,,,,,,,,,,,,,
21-01-2021,5th Floor Male,,,,,,,,,,,,,,,,,,,
20-01-2021,5th Floor Male,,,,,,,,,,,,,,,,,,,
19-01-2021,5th Floor Male,,,,,,,,,,,,,,,,,,,
18-01-2021,5th Floor Male,,,,,,,,,,,,,,,,,,,
17-01-2021,5th Floor Male,,,,,,,,,,,,,,,,,,,
16-01-2021,5th Floor Male,,,,,,,,,,,,,,,,,,,
15-01-2021,5th Floor Male,,,,,,,,,,,,,,,,,,,
14-01-2021,5th Floor Male,,,,,,,,,,,,,,,,,,,
13-01-2021,5th Floor Male,,,,,,,,,,,,,,,,,,,
12-01-2021,5th Floor Male,,,,,,,,,,,,,,,,,,,
11-01-2021,5th Floor Male,,,,,,,,,,,,,,,,,,,
10-01-2021,5th Floor Male,,,,,,,,,,,,,,,,,,,
09-01-2021,5th Floor Male,,,,,,,,,,,,,,,,,,,
08-01-2021,5th Floor Male,,,,,,,,,,,,,,,,,,,
07-01-2021,5th Floor Male,,,,,,,,,,,,,,,,,,,
06-01-2021,5th Floor Male,,,,,,,,,,,,,,,,,,,
05-01-2021,5th Floor Male,,,,,,,,,,,,,,,,,,,
04-01-2021,5th Floor Male,,,,,,,,,,,,,,,,,,,
03-01-2021,5th Floor Male,,,,,,,,,,,,,,,,,,,
02-01-2021,5th Floor Male,,,,,,,,,,,,,,,,,,,
01-01-2021,5th Floor Male,,,,,,,,,,,,,,,,,,,
30-12-2020,5th Floor Male,,,,,,,,,,,,,,,,,,,
29-12-2020,5th Floor Male,,,,,,,,,,,,,,,,,,,
28-12-2020,5th Floor Male,,,,,,,,,,,,,,,,,,,
27-12-2020,5th Floor Male,,,,,,,,,,,,,,,,,,,
23-12-2020,5th Floor Male,,,,,,,,,,,,,,,,,,,
22-12-2020,5th Floor Male,,,,,,,,,,,,,,,,,,,
21-12-2020,5th Floor Male,,,,,,,,,,,,,,,,,,,
20-12-2020,5th Floor Male,,,,,,,,,,,,,,,,,,,
19-12-2020,5th Floor Male,,,,,,,,,,,,,,,,,,,
18-12-2020,5th Floor Male,,,,,,,,,,,,,,,,,,,
17-12-2020,5th Floor Male,,,,,,,,,,,,,,,,,,,
16-12-2020,5th Floor Male,,,,,,,,,,,,,,,,,,,
15-12-2020,5th Floor Male,,,,,,,,,,,,,,,,,,,
14-12-2020,5th Floor Male,,,,,,,,,,,,,,,,,,,
13-12-2020,5th Floor Male,,,,,,,,,,,,,,,,,,,
12-12-2020,5th Floor Male,,,,,,,,,,,,,,,,,,,
11-12-2020,5th Floor Male,,,,,,,,,,,,,,,,,,,
10-12-2020,5th Floor Male,,,,,,,,,,,,,,,,,,,
09-12-2020,5th Floor Male,,,,,,,,,,,,,,,,,,,
08-12-2020,5th Floor Male,,,,,,,,,,,,,,,,,,,
07-12-2020,5th Floor Male,,,,,,,,,,,,,,,,,,,
01-12-2020,5th Floor Male,,,,,,,,,,,,,,,,,,,
30-11-2020,5th Floor Male,,,,,,,,,,,,,,,,,,,
29-11-2020,5th Floor Male,,,,,,,,,,,,,,,,,,,
28-11-2020,5th Floor Male,,,,,,,,,,,,,,,,,,,
27-11-2020,5th Floor Male,,,,,,,,,,,,,,,,,,,
26-11-2020,5th Floor Male,,,,,,,,,,,,,,,,,,,
25-11-2020,5th Floor Male,,,,,,,,,,,,,,,,,,,
24-11-2020,5th Floor Male,,,,,,,,,,,,,,,,,,,
23-11-2020,5th Floor Male,,,,,,,,,,,,,,,,,,,
22-11-2020,5th Floor Male,,,,,,,,,,,,,,,,,,,
21-11-2020,5th Floor Male,,,,,,,,,,,,,,,,,,,
20-11-2020,5th Floor Male,,,,,,,,,,,,,,,,,,,
19-11-2020,5th Floor Male,,,,,,,,,,,,,,,,,,,
18-11-2020,5th Floor Male,,,,,,,,,,,,,,,,,,,
17-11-2020,5th Floor Male,,,,,,,,,,,,,,,,,,,
16-11-2020,5th Floor Male,,,,,,,,,,,,,,,,,,,
15-11-2020,5th Floor Male,,,,,,,,,,,,,,,,,,,
14-11-2020,5th Floor Male,,,,,,,,,,,,,,,,,,,
13-11-2020,5th Floor Male,,,,,,,,,,,,,,,,,,,
12-11-2020,5th Floor Male,,,,,,,,,,,,,,,,,,,
11-11-2020,5th Floor Male,,,,,,,,,,,,,,,,,,,
10-11-2020,5th Floor Male,,,,,,,,,,,,,,,,,,,
09-11-2020,5th Floor Male,,,,,,,,,,,,,,,,,,,
08-11-2020,5th Floor Male,,,,,,,,,,,,,,,,,,,
07-11-2020,5th Floor Male,,,,,,,,,,,,,,,,,,,
06-11-2020,5th Floor Male,,,,,,,,,,,,,,,,,,,
05-11-2020,5th Floor Male,,,,,,,,,,,,,,,,,,,
04-11-2020,5th Floor Male,,,,,,,,,,,,,,,,,,,
29-10-2020,5th Floor Male,,,,,,,,,,,,,,,,,,,
28-10-2020,5th Floor Male,,,,,,,,,,,,,,,,,,,
27-10-2020,5th Floor Male,,,,,,,,,,,,,,,,,,,
26-10-2020,5th Floor Male,,,,,,,,,,,,,,,,,,,
25-10-2020,5th Floor Male,,,,,,,,,,,,,,,,,,,
24-10-2020,5th Floor Male,,,,,,,,,,,,,,,,,,,
23-10-2020,5th Floor Male,,,,,,,,,,,,,,,,,,,
22-10-2020,5th Floor Male,,,,,,,,,,,,,,,,,,,
21-10-2020,5th Floor Male,,,,,,,,,,,,,,,,,,,
20-10-2020,5th Floor Male,,,,,,,,,,,,,,,,,,,
19-10-2020,5th Floor Male,,,,,,,,,,,,,,,,,,,
18-10-2020,5th Floor Male,,,,,,,,,,,,,,,,,,,
17-10-2020,5th Floor Male,,,,,,,,,,,,,,,,,,,
16-10-2020,5th Floor Male,,,,,,,,,,,,,,,,,,,
15-10-2020,5th Floor Male,,,,,,,,,,,,,,,,,,,
14-10-2020,5th Floor Male,,,,,,,,,,,,,,,,,,,
13-10-2020,5th Floor Male,,,,,,,,,,,,,,,,,,,
12-10-2020,5th Floor Male,,,,,,,,,,,,,,,,,,,
11-10-2020,5th Floor Male,,,,,,,,,,,,,,,,,,,
10-10-2020,5th Floor Male,,,,,,,,,,,,,,,,,,,
09-10-2020,5th Floor Male,,,,,,,,,,,,,,,,,,,
08-10-2020,5th Floor Male,,,,,,,,,,,,,,,,,,,
07-10-2020,5th Floor Male,,,,,,,,,,,,,,,,,,,
06-10-2020,5th Floor Male,,,,,,,,,,,,,,,,,,,
03-10-2020,5th Floor Male,,,,,,,,,,,,,,,,,,,
02-10-2020,5th Floor Male,,,,,,,,,,,,,,,,,,,
01-10-2020,5th Floor Male,,,,,,,,,,,,,,,,,,,
30-09-2020,5th Floor Male,,,,,,,,,,,,,,,,,,,
29-09-2020,5th Floor Male,,,,,,,,,,,,,,,,,,,
28-09-2020,5th Floor Male,,,,,,,,,,,,,,,,,,,
27-09-2020,5th Floor Male,,,,,,,,,,,,,,,,,,,
26-09-2020,5th Floor Male,,,,,,,,,,,,,,,,,,,
25-09-2020,5th Floor Male,,,,,,,,,,,,,,,,,,,
24-09-2020,5th Floor Male,,,,,,,,,,,,,,,,,,,
23-09-2020,5th Floor Male,,,,,,,,,,,,,,,,,,,
22-09-2020,5th Floor Male,,,,,,,,,,,,,,,,,,,
21-09-2020,5th Floor Male,,,,,,,,,,,,,,,,,,,
20-09-2020,5th Floor Male,,,,,,,,,,,,,,,,,,,
19-09-2020,5th Floor Male,,,,,,,,,,,,,,,,,,,
18-09-2020,5th Floor Male,,,,,,,,,,,,,,,,,,,
17-09-2020,5th Floor Male,,,,,,,,,,,,,,,,,,,
16-09-2020,5th Floor Male,,,,,,,,,,,,,,,,,,,
15-09-2020,5th Floor Male,,,,,,,,,,,,,,,,,,,
14-09-2020,5th Floor Male,,,,,,,,,,,,,,,,,,,
13-09-2020,5th Floor Male,,,,,,,,,,,,,,,,,,,
12-09-2020,5th Floor Male,,,,,,,,,,,,,,,,,,,
11-09-2020,5th Floor Male,,,,,,,,,,,,,,,,,,,
10-09-2020,5th Floor Male,,,,,,,,,,,,,,,,,,,
09-09-2020,5th Floor Male,,,,,,,,,,,,,,,,,,,
31-08-2020,4th Floor,,,,,,,,,,,,,,,,,,,
30-08-2020,4th Floor,,,,,,,,,,,,,,,,,,,
29-08-2020,4th Floor,,,,,,,,,,,,,,,,,,,
28-08-2020,4th Floor,,,,,,,,,,,,,,,,,,,
27-08-2020,4th Floor,,,,,,,,,,,,,,,,,,,
26-08-2020,4th Floor,,,,,,,,,,,,,,,,,,,
25-08-2020,4th Floor,,,,,,,,,,,,,,,,,,,
24-08-2020,4th Floor,,,,,,,,,,,,,,,,,,,
23-08-2020,4th Floor,,,,,,,,,,,,,,,,,,,
22-08-2020,4th Floor,,,,,,,,,,,,,,,,,,,
21-08-2020,4th Floor,,,,,,,,,,,,,,,,,,,
20-08-2020,4th Floor,,,,,,,,,,,,,,,,,,,
19-08-2020,4th Floor,,,,,,,,,,,,,,,,,,,
18-08-2020,4th Floor,,,,,,,,,,,,,,,,,,,
17-08-2020,4th Floor,,,,,,,,,,,,,,,,,,,
16-08-2020,4th Floor,,,,,,,,,,,,,,,,,,,
15-08-2020,4th Floor,,,,,,,,,,,,,,,,,,,
14-08-2020,4th Floor,,,,,,,,,,,,,,,,,,,
13-08-2020,4th Floor,,,,,,,,,,,,,,,,,,,
12-08-2020,4th Floor,,,,,,,,,,,,,,,,,,,
11-08-2020,4th Floor,,,,,,,,,,,,,,,,,,,
10-08-2020,4th Floor,,,,,,,,,,,,,,,,,,,
09-08-2020,4th Floor,,,,,,,,,,,,,,,,,,,
08-08-2020,4th Floor,,,,,,,,,,,,,,,,,,,
07-08-2020,4th Floor,,,,,,,,,,,,,,,,,,,
06-08-2020,4th Floor,,,,,,,,,,,,,,,,,,,
02-08-2020,4th Floor,,,,,,,,,,,,,,,,,,,
30-07-2020,4th Floor,,,,,,,,,,,,,,,,,,,
29-07-2020,4th Floor,,,,,,,,,,,,,,,,,,,
28-07-2020,4th Floor,,,,,,,,,,,,,,,,,,,
27-07-2020,4th Floor,,,,,,,,,,,,,,,,,,,
26-07-2020,4th Floor,,,,,,,,,,,,,,,,,,,
25-07-2020,4th Floor,,,,,,,,,,,,,,,,,,,
24-07-2020,4th Floor,,,,,,,,,,,,,,,,,,,
23-07-2020,4th Floor,,,,,,,,,,,,,,,,,,,
22-07-2020,4th Floor,,,,,,,,,,,,,,,,,,,
21-07-2020,4th Floor,,,,,,,,,,,,,,,,,,,
20-07-2020,4th Floor,,,,,,,,,,,,,,,,,,,
19-07-2020,4th Floor,,,,,,,,,,,,,,,,,,,
18-07-2020,4th Floor,,,,,,,,,,,,,,,,,,,
17-07-2020,4th Floor,,,,,,,,,,,,,,,,,,,
16-07-2020,4th Floor,,,,,,,,,,,,,,,,,,,
15-07-2020,4th Floor,,,,,,,,,,,,,,,,,,,
14-07-2020,4th Floor,,,,,,,,,,,,,,,,,,,
13-07-2020,4th Floor,,,,,,,,,,,,,,,,,,,
12-07-2020,4th Floor,,,,,,,,,,,,,,,,,,,
11-07-2020,4th Floor,,,,,,,,,,,,,,,,,,,
10-07-2020,4th Floor,,,,,,,,,,,,,,,,,,,
09-07-2020,4th Floor,,,,,,,,,,,,,,,,,,,
28-05-2019,Day Sleep (3rd Floor),,,,,,,,,,,,,,,,,,,
27-05-2019,3rd Floor Female Night,,,,,,,,,,,,,,,,,,,
27-05-2019,Day Sleep (3rd Floor),,,,,,,,,,,,,,,,,,,
26-05-2019,Day Sleep (3rd Floor),,,,,,,,,,,,,,,,,,,
26-05-2019,3rd Floor Female Night,,,,,,,,,,,,,,,,,,,
25-05-2019,3rd Floor Female Night,,,,,,,,,,,,,,,,,,,
24-05-2019,Day Sleep (3rd Floor),,,,,,,,,,,,,,,,,,,
24-05-2019,3rd Floor Female Night,,,,,,,,,,,,,,,,,,,
23-05-2019,3rd Floor Female Night,,,,,,,,,,,,,,,,,,,
22-05-2019,3rd Floor Female Night,,,,,,,,,,,,,,,,,,,
21-05-2019,3rd Floor Female Night,,,,,,,,,,,,,,,,,,,
21-05-2019,Day Sleep (3rd Floor),,,,,,,,,,,,,,,,,,,
20-05-2019,3rd Floor Female Night,,,,,,,,,,,,,,,,,,,
20-05-2019,Day Sleep (3rd Floor),,,,,,,,,,,,,,,,,,,
19-05-2019,3rd Floor Female Night,,,,,,,,,,,,,,,,,,,
19-05-2019,Day Sleep (3rd Floor),,,,,,,,,,,,,,,,,,,
18-05-2019,3rd Floor Female Night,,,,,,,,,,,,,,,,,,,
17-05-2019,Day Sleep (3rd Floor),,,,,,,,,,,,,,,,,,,
17-05-2019,3rd Floor Female Night,,,,,,,,,,,,,,,,,,,
16-05-2019,3rd Floor Female Night,,,,,,,,,,,,,,,,,,,
15-05-2019,3rd Floor Female Night,,,,,,,,,,,,,,,,,,,
15-05-2019,Day Sleep (3rd Floor),,,,,,,,,,,,,,,,,,,
14-05-2019,3rd Floor Female Night,,,,,,,,,,,,,,,,,,,
14-05-2019,Day Sleep (3rd Floor),,,,,,,,,,,,,,,,,,,
13-05-2019,Day Sleep (3rd Floor),,,,,,,,,,,,,,,,,,,
13-05-2019,3rd Floor Female Night,,,,,,,,,,,,,,,,,,,
12-05-2019,3rd Floor Female Night,,,,,,,,,,,,,,,,,,,
12-05-2019,Day Sleep (3rd Floor),,,,,,,,,,,,,,,,,,,
11-05-2019,3rd Floor Female Night,,,,,,,,,,,,,,,,,,,
10-05-2019,Day Sleep (3rd Floor),,,,,,,,,,,,,,,,,,,
10-05-2019,3rd Floor Female Night,,,,,,,,,,,,,,,,,,,
09-05-2019,3rd Floor Female Night,,,,,,,,,,,,,,,,,,,
08-05-2019,Day Sleep (3rd Floor),,,,,,,,,,,,,,,,,,,
08-05-2019,3rd Floor Female Night,,,,,,,,,,,,,,,,,,,
07-05-2019,Day Sleep (3rd Floor),,,,,,,,,,,,,,,,,,,
07-05-2019,3rd Floor Female Night,,,,,,,,,,,,,,,,,,,
06-05-2019,3rd Floor Female Night,,,,,,,,,,,,,,,,,,,
06-05-2019,Day Sleep (3rd Floor),,,,,,,,,,,,,,,,,,,
24-04-2019,3rd Floor Female Night,,,,,,,,,,,,,,,,,,,
24-04-2019,Day Sleep (3rd Floor),,,,,,,,,,,,,,,,,,,
23-04-2019,3rd Floor Female Night,,,,,,,,,,,,,,,,,,,
23-04-2019,Day Sleep (3rd Floor),,,,,,,,,,,,,,,,,,,
22-04-2019,3rd Floor Female Night,,,,,,,,,,,,,,,,,,,
21-04-2019,3rd Floor Female Night,,,,,,,,,,,,,,,,,,,
21-04-2019,Day Sleep (3rd Floor),,,,,,,,,,,,,,,,,,,
20-04-2019,3rd Floor Female Night,,,,,,,,,,,,,,,,,,,
19-04-2019,3rd Floor Female Night,,,,,,,,,,,,,,,,,,,
18-04-2019,3rd Floor Female Night,,,,,,,,,,,,,,,,,,,
17-04-2019,3rd Floor Female Night,,,,,,,,,,,,,,,,,,,
17-04-2019,Day Sleep (3rd Floor),,,,,,,,,,,,,,,,,,,
16-04-2019,3rd Floor Female Night,,,,,,,,,,,,,,,,,,,
16-04-2019,Day Sleep (3rd Floor),,,,,,,,,,,,,,,,,,,
15-04-2019,3rd Floor Female Night,,,,,,,,,,,,,,,,,,,
15-04-2019,Day Sleep (3rd Floor),,,,,,,,,,,,,,,,,,,
14-04-2019,3rd Floor Female Night,,,,,,,,,,,,,,,,,,,
14-04-2019,Day Sleep (3rd Floor),,,,,,,,,,,,,,,,,,,
13-04-2019,Day Sleep (3rd Floor),,,,,,,,,,,,,,,,,,,
13-04-2019,3rd Floor Female Night,,,,,,,,,,,,,,,,,,,
12-04-2019,3rd Floor Female Night,,,,,,,,,,,,,,,,,,,
11-04-2019,3rd Floor Female Night,,,,,,,,,,,,,,,,,,,
10-04-2019,3rd Floor Female Night,,,,,,,,,,,,,,,,,,,
10-04-2019,Day Sleep (3rd Floor),,,,,,,,,,,,,,,,,,,
09-04-2019,Day Sleep (3rd Floor),,,,,,,,,,,,,,,,,,,
09-04-2019,3rd Floor Female Night,,,,,,,,,,,,,,,,,,,
08-04-2019,3rd Floor Female Night,,,,,,,,,,,,,,,,,,,
08-04-2019,Day Sleep (3rd Floor),,,,,,,,,,,,,,,,,,,
07-04-2019,Day Sleep (3rd Floor),,,,,,,,,,,,,,,,,,,
07-04-2019,3rd Floor Female Night,,,,,,,,,,,,,,,,,,,
06-04-2019,Day Sleep (3rd Floor),,,,,,,,,,,,,,,,,,,
06-04-2019,3rd Floor Female Night,,,,,,,,,,,,,,,,,,,
05-04-2019,3rd Floor Female Night,,,,,,,,,,,,,,,,,,,
05-04-2019,Day Sleep (3rd Floor),,,,,,,,,,,,,,,,,,,
04-04-2019,3rd Floor Female Night,,,,,,,,,,,,,,,,,,,
26-03-2019,Day Sleep (3rd Floor),,,,,,,,,,,,,,,,,,,
25-03-2019,Day Sleep (3rd Floor),,,,,,,,,,,,,,,,,,,
25-03-2019,3rd Floor Female Night,,,,,,,,,,,,,,,,,,,
24-03-2019,3rd Floor Female Night,,,,,,,,,,,,,,,,,,,
24-03-2019,Day Sleep (3rd Floor),,,,,,,,,,,,,,,,,,,
23-03-2019,3rd Floor Female Night,,,,,,,,,,,,,,,,,,,
22-03-2019,3rd Floor Female Night,,,,,,,,,,,,,,,,,,,
21-03-2019,3rd Floor Female Night,,,,,,,,,,,,,,,,,,,
21-03-2019,Day Sleep (3rd Floor),,,,,,,,,,,,,,,,,,,
20-03-2019,3rd Floor Female Night,,,,,,,,,,,,,,,,,,,
19-03-2019,3rd Floor Female Night,,,,,,,,,,,,,,,,,,,
19-03-2019,Day Sleep (3rd Floor),,,,,,,,,,,,,,,,,,,
18-03-2019,3rd Floor Female Night,,,,,,,,,,,,,,,,,,,
18-03-2019,Day Sleep (3rd Floor),,,,,,,,,,,,,,,,,,,
17-03-2019,3rd Floor Female Night,,,,,,,,,,,,,,,,,,,
17-03-2019,Day Sleep (3rd Floor),,,,,,,,,,,,,,,,,,,
16-03-2019,3rd Floor Female Night,,,,,,,,,,,,,,,,,,,
15-03-2019,3rd Floor Female Night,,,,,,,,,,,,,,,,,,,
15-03-2019,Day Sleep (3rd Floor),,,,,,,,,,,,,,,,,,,
14-03-2019,3rd Floor Female Night,,,,,,,,,,,,,,,,,,,
14-03-2019,Day Sleep (3rd Floor),,,,,,,,,,,,,,,,,,,
13-03-2019,Day Sleep (3rd Floor),,,,,,,,,,,,,,,,,,,
13-03-2019,3rd Floor Female Night,,,,,,,,,,,,,,,,,,,
12-03-2019,Day Sleep (3rd Floor),,,,,,,,,,,,,,,,,,,
12-03-2019,3rd Floor Female Night,,,,,,,,,,,,,,,,,,,
11-03-2019,3rd Floor Female Night,,,,,,,,,,,,,,,,,,,
11-03-2019,Day Sleep (3rd Floor),,,,,,,,,,,,,,,,,,,
10-03-2019,3rd Floor Female Night,,,,,,,,,,,,,,,,,,,
10-03-2019,Day Sleep (3rd Floor),,,,,,,,,,,,,,,,,,,
09-03-2019,3rd Floor Female Night,,,,,,,,,,,,,,,,,,,
09-03-2019,Day Sleep (3rd Floor),,,,,,,,,,,,,,,,,,,
08-03-2019,3rd Floor Female Night,,,,,,,,,,,,,,,,,,,
08-03-2019,Day Sleep (3rd Floor),,,,,,,,,,,,,,,,,,,
07-03-2019,Day Sleep (3rd Floor),,,,,,,,,,,,,,,,,,,
06-03-2019,3rd Floor Female Night,,,,,,,,,,,,,,,,,,,
06-03-2019,Day Sleep (3rd Floor),,,,,,,,,,,,,,,,,,,
05-03-2019,3rd Floor Female Night,,,,,,,,,,,,,,,,,,,
22-02-2019,3rd Floor Female Night,,,,,,,,,,,,,,,,,,,
22-02-2019,Day Sleep (3rd Floor),,,,,,,,,,,,,,,,,,,
21-02-2019,3rd Floor Female Night,,,,,,,,,,,,,,,,,,,
20-02-2019,3rd Floor Female Night,,,,,,,,,,,,,,,,,,,
20-02-2019,Day Sleep (3rd Floor),,,,,,,,,,,,,,,,,,,
19-02-2019,Day Sleep (3rd Floor),,,,,,,,,,,,,,,,,,,
19-02-2019,3rd Floor Female Night,,,,,,,,,,,,,,,,,,,
18-02-2019,3rd Floor Female Night,,,,,,,,,,,,,,,,,,,
18-02-2019,Day Sleep (3rd Floor),,,,,,,,,,,,,,,,,,,
17-02-2019,3rd Floor Female Night,,,,,,,,,,,,,,,,,,,
17-02-2019,Day Sleep (3rd Floor),,,,,,,,,,,,,,,,,,,
16-02-2019,3rd Floor Female Night,,,,,,,,,,,,,,,,,,,
15-02-2019,3rd Floor Female Night,,,,,,,,,,,,,,,,,,,
15-02-2019,Day Sleep (3rd Floor),,,,,,,,,,,,,,,,,,,
14-02-2019,Day Sleep (3rd Floor),,,,,,,,,,,,,,,,,,,
14-02-2019,3rd Floor Female Night,,,,,,,,,,,,,,,,,,,
13-02-2019,3rd Floor Female Night,,,,,,,,,,,,,,,,,,,
13-02-2019,Day Sleep (3rd Floor),,,,,,,,,,,,,,,,,,,
12-02-2019,3rd Floor Female Night,,,,,,,,,,,,,,,,,,,
12-02-2019,Day Sleep (3rd Floor),,,,,,,,,,,,,,,,,,,
11-02-2019,Day Sleep (3rd Floor),,,,,,,,,,,,,,,,,,,
11-02-2019,3rd Floor Female Night,,,,,,,,,,,,,,,,,,,
10-02-2019,Day Sleep (3rd Floor),,,,,,,,,,,,,,,,,,,
10-02-2019,3rd Floor Female Night,,,,,,,,,,,,,,,,,,,
09-02-2019,Day Sleep (3rd Floor),,,,,,,,,,,,,,,,,,,
09-02-2019,3rd Floor Female Night,,,,,,,,,,,,,,,,,,,
08-02-2019,Day Sleep (3rd Floor),,,,,,,,,,,,,,,,,,,
08-02-2019,3rd Floor Female Night,,,,,,,,,,,,,,,,,,,
07-02-2019,Day Sleep (3rd Floor),,,,,,,,,,,,,,,,,,,
07-02-2019,3rd Floor Female Night,,,,,,,,,,,,,,,,,,,
06-02-2019,Day Sleep (3rd Floor),,,,,,,,,,,,,,,,,,,
06-02-2019,3rd Floor Female Night,,,,,,,,,,,,,,,,,,,
05-02-2019,3rd Floor Female Night,,,,,,,,,,,,,,,,,,,
05-02-2019,Day Sleep (3rd Floor),,,,,,,,,,,,,,,,,,,
04-02-2019,3rd Floor Female Night,,,,,,,,,,,,,,,,,,,
26-01-2019,Day Sleep (3rd Floor),,,,,,,,,,,,,,,,,,,
25-01-2019,3rd Floor Female Night,,,,,,,,,,,,,,,,,,,
25-01-2019,Day Sleep (3rd Floor),,,,,,,,,,,,,,,,,,,
24-01-2019,Day Sleep (3rd Floor),,,,,,,,,,,,,,,,,,,
24-01-2019,3rd Floor Female Night,,,,,,,,,,,,,,,,,,,
23-01-2019,3rd Floor Female Night,,,,,,,,,,,,,,,,,,,
23-01-2019,Day Sleep (3rd Floor),,,,,,,,,,,,,,,,,,,
22-01-2019,3rd Floor Female Night,,,,,,,,,,,,,,,,,,,
22-01-2019,Day Sleep (3rd Floor),,,,,,,,,,,,,,,,,,,
21-01-2019,3rd Floor Female Night,,,,,,,,,,,,,,,,,,,
21-01-2019,Day Sleep (3rd Floor),,,,,,,,,,,,,,,,,,,
20-01-2019,Day Sleep (3rd Floor),,,,,,,,,,,,,,,,,,,
20-01-2019,3rd Floor Female Night,,,,,,,,,,,,,,,,,,,
19-01-2019,3rd Floor Female Night,,,,,,,,,,,,,,,,,,,
18-01-2019,Day Sleep (3rd Floor),,,,,,,,,,,,,,,,,,,
18-01-2019,3rd Floor Female Night,,,,,,,,,,,,,,,,,,,
17-01-2019,3rd Floor Female Night,,,,,,,,,,,,,,,,,,,
16-01-2019,3rd Floor Female Night,,,,,,,,,,,,,,,,,,,
16-01-2019,Day Sleep (3rd Floor),,,,,,,,,,,,,,,,,,,
15-01-2019,Day Sleep (3rd Floor),,,,,,,,,,,,,,,,,,,
15-01-2019,3rd Floor Female Night,,,,,,,,,,,,,,,,,,,
14-01-2019,3rd Floor Female Night,,,,,,,,,,,,,,,,,,,
14-01-2019,Day Sleep (3rd Floor),,,,,,,,,,,,,,,,,,,
13-01-2019,3rd Floor Female Night,,,,,,,,,,,,,,,,,,,
13-01-2019,Day Sleep (3rd Floor),,,,,,,,,,,,,,,,,,,
12-01-2019,Day Sleep (3rd Floor),,,,,,,,,,,,,,,,,,,
12-01-2019,3rd Floor Female Night,,,,,,,,,,,,,,,,,,,
11-01-2019,3rd Floor Female Night,,,,,,,,,,,,,,,,,,,
11-01-2019,Day Sleep (3rd Floor),,,,,,,,,,,,,,,,,,,
10-01-2019,3rd Floor Female Night,,,,,,,,,,,,,,,,,,,
09-01-2019,Day Sleep (3rd Floor),,,,,,,,,,,,,,,,,,,
09-01-2019,3rd Floor Female Night,,,,,,,,,,,,,,,,,,,
08-01-2019,3rd Floor Female Night,,,,,,,,,,,,,,,,,,,
07-01-2019,3rd Floor Female Night,,,,,,,,,,,,,,,,,,,
07-01-2019,Day Sleep (3rd Floor),,,,,,,,,,,,,,,,,,,
06-01-2019,3rd Floor Female Night,,,,,,,,,,,,,,,,,,,
06-01-2019,Day Sleep (3rd Floor),,,,,,,,,,,,,,,,,,,
05-01-2019,Day Sleep (3rd Floor),,,,,,,,,,,,,,,,,,,
05-01-2019,3rd Floor Female Night,,,,,,,,,,,,,,,,,,,
04-01-2019,3rd Floor Female Night,,,,,,,,,,,,,,,,,,,
03-01-2019,3rd Floor Female Night,,,,,,,,,,,,,,,,,,,
02-01-2019,3rd Floor Female Night,,,,,,,,,,,,,,,,,,,
01-01-2019,Day Sleep (3rd Floor),,,,,,,,,,,,,,,,,,,
01-01-2019,3rd Floor Female Night,,,,,,,,,,,,,,,,,,,
31-12-2019,3rd Floor Female Night,,,,,,,,,,,,,,,,,,,
31-12-2019,Day Sleep (3rd Floor),,,,,,,,,,,,,,,,,,,
30-12-2019,Day Sleep (3rd Floor),,,,,,,,,,,,,,,,,,,
29-12-2019,3rd Floor Female Night,,,,,,,,,,,,,,,,,,,
29-12-2019,Day Sleep (3rd Floor),,,,,,,,,,,,,,,,,,,
28-12-2019,Day Sleep (3rd Floor),,,,,,,,,,,,,,,,,,,
28-12-2019,3rd Floor Female Night,,,,,,,,,,,,,,,,,,,
27-12-2019,Day Sleep (3rd Floor),,,,,,,,,,,,,,,,,,,
27-12-2019,3rd Floor Female Night,,,,,,,,,,,,,,,,,,,
26-12-2019,3rd Floor Female Night,,,,,,,,,,,,,,,,,,,
18-12-2019,Day Sleep (3rd Floor),,,,,,,,,,,,,,,,,,,
17-12-2019,Day Sleep (3rd Floor),,,,,,,,,,,,,,,,,,,
17-12-2019,3rd Floor Female Night,,,,,,,,,,,,,,,,,,,
16-12-2019,3rd Floor Female Night,,,,,,,,,,,,,,,,,,,
16-12-2019,Day Sleep (3rd Floor),,,,,,,,,,,,,,,,,,,
15-12-2019,3rd Floor Female Night,,,,,,,,,,,,,,,,,,,
15-12-2019,Day Sleep (3rd Floor),,,,,,,,,,,,,,,,,,,
14-12-2019,3rd Floor Female Night,,,,,,,,,,,,,,,,,,,
13-12-2019,3rd Floor Female Night,,,,,,,,,,,,,,,,,,,
13-12-2019,Day Sleep (3rd Floor),,,,,,,,,,,,,,,,,,,
12-12-2019,3rd Floor Female Night,,,,,,,,,,,,,,,,,,,
11-12-2019,Day Sleep (3rd Floor),,,,,,,,,,,,,,,,,,,
11-12-2019,3rd Floor Female Night,,,,,,,,,,,,,,,,,,,
10-12-2019,3rd Floor Female Night,,,,,,,,,,,,,,,,,,,
10-12-2019,Day Sleep (3rd Floor),,,,,,,,,,,,,,,,,,,
09-12-2019,3rd Floor Female Night,,,,,,,,,,,,,,,,,,,
08-12-2019,Day Sleep (3rd Floor),,,,,,,,,,,,,,,,,,,
08-12-2019,3rd Floor Female Night,,,,,,,,,,,,,,,,,,,
07-12-2019,3rd Floor Female Night,,,,,,,,,,,,,,,,,,,
06-12-2019,Day Sleep (3rd Floor),,,,,,,,,,,,,,,,,,,
06-12-2019,3rd Floor Female Night,,,,,,,,,,,,,,,,,,,
05-12-2019,Day Sleep (3rd Floor),,,,,,,,,,,,,,,,,,,
05-12-2019,3rd Floor Female Night,,,,,,,,,,,,,,,,,,,
04-12-2019,Day Sleep (3rd Floor),,,,,,,,,,,,,,,,,,,
04-12-2019,3rd Floor Female Night,,,,,,,,,,,,,,,,,,,
03-12-2019,3rd Floor Female Night,,,,,,,,,,,,,,,,,,,
03-12-2019,Day Sleep (3rd Floor),,,,,,,,,,,,,,,,,,,
02-12-2019,3rd Floor Female Night,,,,,,,,,,,,,,,,,,,
26-11-2019,Day Sleep (3rd Floor),,,,,,,,,,,,,,,,,,,
25-11-2019,Day Sleep (3rd Floor),,,,,,,,,,,,,,,,,,,
25-11-2019,3rd Floor Female Night,,,,,,,,,,,,,,,,,,,
24-11-2019,3rd Floor Female Night,,,,,,,,,,,,,,,,,,,
23-11-2019,3rd Floor Female Night,,,,,,,,,,,,,,,,,,,
22-11-2019,3rd Floor Female Night,,,,,,,,,,,,,,,,,,,
22-11-2019,Day Sleep (3rd Floor),,,,,,,,,,,,,,,,,,,
21-11-2019,3rd Floor Female Night,,,,,,,,,,,,,,,,,,,
21-11-2019,Day Sleep (3rd Floor),,,,,,,,,,,,,,,,,,,
20-11-2019,Day Sleep (3rd Floor),,,,,,,,,,,,,,,,,,,
20-11-2019,3rd Floor Female Night,,,,,,,,,,,,,,,,,,,
19-11-2019,3rd Floor Female Night,,,,,,,,,,,,,,,,,,,
18-11-2019,3rd Floor Female Night,,,,,,,,,,,,,,,,,,,
18-11-2019,Day Sleep (3rd Floor),,,,,,,,,,,,,,,,,,,
17-11-2019,Day Sleep (3rd Floor),,,,,,,,,,,,,,,,,,,
17-11-2019,3rd Floor Female Night,,,,,,,,,,,,,,,,,,,
16-11-2019,Day Sleep (3rd Floor),,,,,,,,,,,,,,,,,,,
16-11-2019,3rd Floor Female Night,,,,,,,,,,,,,,,,,,,
15-11-2019,3rd Floor Female Night,,,,,,,,,,,,,,,,,,,
14-11-2019,3rd Floor Female Night,,,,,,,,,,,,,,,,,,,
13-11-2019,Day Sleep (3rd Floor),,,,,,,,,,,,,,,,,,,
13-11-2019,3rd Floor Female Night,,,,,,,,,,,,,,,,,,,
12-11-2019,3rd Floor Female Night,,,,,,,,,,,,,,,,,,,
12-11-2019,Day Sleep (3rd Floor),,,,,,,,,,,,,,,,,,,
11-11-2019,Day Sleep (3rd Floor),,,,,,,,,,,,,,,,,,,
11-11-2019,3rd Floor Female Night,,,,,,,,,,,,,,,,,,,
10-11-2019,3rd Floor Female Night,,,,,,,,,,,,,,,,,,,
10-11-2019,Day Sleep (3rd Floor),,,,,,,,,,,,,,,,,,,
09-11-2019,3rd Floor Female Night,,,,,,,,,,,,,,,,,,,
09-11-2019,Day Sleep (3rd Floor),,,,,,,,,,,,,,,,,,,
08-11-2019,3rd Floor Female Night,,,,,,,,,,,,,,,,,,,
08-11-2019,Day Sleep (3rd Floor),,,,,,,,,,,,,,,,,,,
07-11-2019,Day Sleep (3rd Floor),,,,,,,,,,,,,,,,,,,
07-11-2019,3rd Floor Female Night,,,,,,,,,,,,,,,,,,,
06-11-2019,Day Sleep (3rd Floor),,,,,,,,,,,,,,,,,,,
06-11-2019,3rd Floor Female Night,,,,,,,,,,,,,,,,,,,
05-11-2019,Day Sleep (3rd Floor),,,,,,,,,,,,,,,,,,,
05-11-2019,3rd Floor Female Night,,,,,,,,,,,,,,,,,,,
04-11-2019,3rd Floor Female Night,,,,,,,,,,,,,,,,,,,
27-10-2019,3rd Floor Female Night,,,,,,,,,,,,,,,,,,,
27-10-2019,Day Sleep (3rd Floor),,,,,,,,,,,,,,,,,,,
26-10-2019,Day Sleep (3rd Floor),,,,,,,,,,,,,,,,,,,
26-10-2019,3rd Floor Female Night,,,,,,,,,,,,,,,,,,,
25-10-2019,3rd Floor Female Night,,,,,,,,,,,,,,,,,,,
24-10-2019,3rd Floor Female Night,,,,,,,,,,,,,,,,,,,
24-10-2019,Day Sleep (3rd Floor),,,,,,,,,,,,,,,,,,,
23-10-2019,3rd Floor Female Night,,,,,,,,,,,,,,,,,,,
23-10-2019,Day Sleep (3rd Floor),,,,,,,,,,,,,,,,,,,
22-10-2019,3rd Floor Female Night,,,,,,,,,,,,,,,,,,,
22-10-2019,Day Sleep (3rd Floor),,,,,,,,,,,,,,,,,,,
21-10-2019,3rd Floor Female Night,,,,,,,,,,,,,,,,,,,
21-10-2019,Day Sleep (3rd Floor),,,,,,,,,,,,,,,,,,,
20-10-2019,3rd Floor Female Night,,,,,,,,,,,,,,,,,,,
20-10-2019,Day Sleep (3rd Floor),,,,,,,,,,,,,,,,,,,
19-10-2019,Day Sleep (3rd Floor),,,,,,,,,,,,,,,,,,,
19-10-2019,3rd Floor Female Night,,,,,,,,,,,,,,,,,,,
18-10-2019,3rd Floor Female Night,,,,,,,,,,,,,,,,,,,
04-09-2019,Day Sleep (3rd Floor),,,,,,,,,,,,,,,,,,,
26-08-2019,3rd Floor Female Night,,,,,,,,,,,,,,,,,,,
26-08-2019,Day Sleep (3rd Floor),,,,,,,,,,,,,,,,,,,
25-08-2019,Day Sleep (3rd Floor),,,,,,,,,,,,,,,,,,,
25-08-2019,3rd Floor Female Night,,,,,,,,,,,,,,,,,,,
24-08-2019,3rd Floor Female Night,,,,,,,,,,,,,,,,,,,
23-08-2019,3rd Floor Female Night,,,,,,,,,,,,,,,,,,,
23-08-2019,Day Sleep (3rd Floor),,,,,,,,,,,,,,,,,,,
22-08-2019,3rd Floor Female Night,,,,,,,,,,,,,,,,,,,
21-08-2019,3rd Floor Female Night,,,,,,,,,,,,,,,,,,,
20-08-2019,Day Sleep (3rd Floor),,,,,,,,,,,,,,,,,,,
20-08-2019,3rd Floor Female Night,,,,,,,,,,,,,,,,,,,
19-08-2019,Day Sleep (3rd Floor),,,,,,,,,,,,,,,,,,,
19-08-2019,3rd Floor Female Night,,,,,,,,,,,,,,,,,,,
18-08-2019,3rd Floor Female Night,,,,,,,,,,,,,,,,,,,
17-08-2019,3rd Floor Female Night,,,,,,,,,,,,,,,,,,,
16-08-2019,3rd Floor Female Night,,,,,,,,,,,,,,,,,,,
15-08-2019,3rd Floor Female Night,,,,,,,,,,,,,,,,,,,
14-08-2019,Day Sleep (3rd Floor),,,,,,,,,,,,,,,,,,,
14-08-2019,3rd Floor Female Night,,,,,,,,,,,,,,,,,,,
13-08-2019,3rd Floor Female Night,,,,,,,,,,,,,,,,,,,
13-08-2019,Day Sleep (3rd Floor),,,,,,,,,,,,,,,,,,,
12-08-2019,Day Sleep (3rd Floor),,,,,,,,,,,,,,,,,,,
12-08-2019,3rd Floor Female Night,,,,,,,,,,,,,,,,,,,
11-08-2019,Day Sleep (3rd Floor),,,,,,,,,,,,,,,,,,,
11-08-2019,3rd Floor Female Night,,,,,,,,,,,,,,,,,,,
10-08-2019,3rd Floor Female Night,,,,,,,,,,,,,,,,,,,
09-08-2019,Day Sleep (3rd Floor),,,,,,,,,,,,,,,,,,,
09-08-2019,3rd Floor Female Night,,,,,,,,,,,,,,,,,,,
08-08-2019,3rd Floor Female Night,,,,,,,,,,,,,,,,,,,
07-08-2019,3rd Floor Female Night,,,,,,,,,,,,,,,,,,,
06-08-2019,Day Sleep (3rd Floor),,,,,,,,,,,,,,,,,,,
06-08-2019,3rd Floor Female Night,,,,,,,,,,,,,,,,,,,
05-08-2019,3rd Floor Female Night,,,,,,,,,,,,,,,,,,,
04-08-2019,Day Sleep (3rd Floor),,,,,,,,,,,,,,,,,,,
04-08-2019,3rd Floor Female Night,,,,,,,,,,,,,,,,,,,
03-08-2019,3rd Floor Female Night,,,,,,,,,,,,,,,,,,,
03-08-2019,Day Sleep (3rd Floor),,,,,,,,,,,,,,,,,,,
02-08-2019,3rd Floor Female Night,,,,,,,,,,,,,,,,,,,
25-07-2019,3rd Floor Female Night,,,,,,,,,,,,,,,,,,,
24-07-2019,Day Sleep (3rd Floor),,,,,,,,,,,,,,,,,,,
24-07-2019,3rd Floor Female Night,,,,,,,,,,,,,,,,,,,
23-07-2019,3rd Floor Female Night,,,,,,,,,,,,,,,,,,,
23-07-2019,Day Sleep (3rd Floor),,,,,,,,,,,,,,,,,,,
22-07-2019,3rd Floor Female Night,,,,,,,,,,,,,,,,,,,
22-07-2019,Day Sleep (3rd Floor),,,,,,,,,,,,,,,,,,,
21-07-2019,3rd Floor Female Night,,,,,,,,,,,,,,,,,,,
21-07-2019,Day Sleep (3rd Floor),,,,,,,,,,,,,,,,,,,
20-07-2019,3rd Floor Female Night,,,,,,,,,,,,,,,,,,,
19-07-2019,Day Sleep (3rd Floor),,,,,,,,,,,,,,,,,,,
19-07-2019,3rd Floor Female Night,,,,,,,,,,,,,,,,,,,
18-07-2019,3rd Floor Female Night,,,,,,,,,,,,,,,,,,,
17-07-2019,3rd Floor Female Night,,,,,,,,,,,,,,,,,,,
17-07-2019,Day Sleep (3rd Floor),,,,,,,,,,,,,,,,,,,
16-07-2019,3rd Floor Female Night,,,,,,,,,,,,,,,,,,,
16-07-2019,Day Sleep (3rd Floor),,,,,,,,,,,,,,,,,,,
15-07-2019,Day Sleep (3rd Floor),,,,,,,,,,,,,,,,,,,
15-07-2019,3rd Floor Female Night,,,,,,,,,,,,,,,,,,,
14-07-2019,Day Sleep (3rd Floor),,,,,,,,,,,,,,,,,,,
14-07-2019,3rd Floor Female Night,,,,,,,,,,,,,,,,,,,
13-07-2019,3rd Floor Female Night,,,,,,,,,,,,,,,,,,,
12-07-2019,3rd Floor Female Night,,,,,,,,,,,,,,,,,,,
12-07-2019,Day Sleep (3rd Floor),,,,,,,,,,,,,,,,,,,
11-07-2019,3rd Floor Female Night,,,,,,,,,,,,,,,,,,,
10-07-2019,3rd Floor Female Night,,,,,,,,,,,,,,,,,,,
10-07-2019,Day Sleep (3rd Floor),,,,,,,,,,,,,,,,,,,
09-07-2019,Day Sleep (3rd Floor),,,,,,,,,,,,,,,,,,,
09-07-2019,3rd Floor Female Night,,,,,,,,,,,,,,,,,,,
08-07-2019,3rd Floor Female Night,,,,,,,,,,,,,,,,,,,
08-07-2019,Day Sleep (3rd Floor),,,,,,,,,,,,,,,,,,,
07-07-2019,3rd Floor Female Night,,,,,,,,,,,,,,,,,,,
07-07-2019,Day Sleep (3rd Floor),,,,,,,,,,,,,,,,,,,
06-07-2019,Day Sleep (3rd Floor),,,,,,,,,,,,,,,,,,,
06-07-2019,3rd Floor Female Night,,,,,,,,,,,,,,,,,,,
05-07-2019,3rd Floor Female Night,,,,,,,,,,,,,,,,,,,
05-07-2019,Day Sleep (3rd Floor),,,,,,,,,,,,,,,,,,,
24-06-2019,Day Sleep (3rd Floor),,,,,,,,,,,,,,,,,,,
24-06-2019,3rd Floor Female Night,,,,,,,,,,,,,,,,,,,
23-06-2019,3rd Floor Female Night,,,,,,,,,,,,,,,,,,,
23-06-2019,Day Sleep (3rd Floor),,,,,,,,,,,,,,,,,,,
22-06-2019,3rd Floor Female Night,,,,,,,,,,,,,,,,,,,
21-06-2019,3rd Floor Female Night,,,,,,,,,,,,,,,,,,,
21-06-2019,Day Sleep (3rd Floor),,,,,,,,,,,,,,,,,,,
20-06-2019,3rd Floor Female Night,,,,,,,,,,,,,,,,,,,
19-06-2019,3rd Floor Female Night,,,,,,,,,,,,,,,,,,,
18-06-2019,3rd Floor Female Night,,,,,,,,,,,,,,,,,,,
18-06-2019,Day Sleep (3rd Floor),,,,,,,,,,,,,,,,,,,
17-06-2019,Day Sleep (3rd Floor),,,,,,,,,,,,,,,,,,,
17-06-2019,3rd Floor Female Night,,,,,,,,,,,,,,,,,,,
16-06-2019,Day Sleep (3rd Floor),,,,,,,,,,,,,,,,,,,
16-06-2019,3rd Floor Female Night,,,,,,,,,,,,,,,,,,,
15-06-2019,Day Sleep (3rd Floor),,,,,,,,,,,,,,,,,,,
15-06-2019,3rd Floor Female Night,,,,,,,,,,,,,,,,,,,
14-06-2019,3rd Floor Female Night,,,,,,,,,,,,,,,,,,,
13-06-2019,3rd Floor Female Night,,,,,,,,,,,,,,,,,,,
12-06-2019,Day Sleep (3rd Floor),,,,,,,,,,,,,,,,,,,
12-06-2019,3rd Floor Female Night,,,,,,,,,,,,,,,,,,,
11-06-2019,3rd Floor Female Night,,,,,,,,,,,,,,,,,,,
10-06-2019,3rd Floor Female Night,,,,,,,,,,,,,,,,,,,
10-06-2019,Day Sleep (3rd Floor),,,,,,,,,,,,,,,,,,,
09-06-2019,Day Sleep (3rd Floor),,,,,,,,,,,,,,,,,,,
09-06-2019,3rd Floor Female Night,,,,,,,,,,,,,,,,,,,
08-06-2019,Day Sleep (3rd Floor),,,,,,,,,,,,,,,,,,,
08-06-2019,3rd Floor Female Night,,,,,,,,,,,,,,,,,,,
07-06-2019,3rd Floor Female Night,,,,,,,,,,,,,,,,,,,
07-06-2019,Day Sleep (3rd Floor),,,,,,,,,,,,,,,,,,,
06-06-2019,3rd Floor Female Night,,,,,,,,,,,,,,,,,,,
06-06-2019,Day Sleep (3rd Floor),,,,,,,,,,,,,,,,,,,
27-02-2020,3rd Floor Female Night,,,,,,,,,,,,,,,,,,,
26-02-2020,Day Sleep (3rd Floor),,,,,,,,,,,,,,,,,,,
25-02-2020,3rd Floor Female Night,,,,,,,,,,,,,,,,,,,
25-02-2020,Day Sleep (3rd Floor),,,,,,,,,,,,,,,,,,,
24-02-2020,Day Sleep (3rd Floor),,,,,,,,,,,,,,,,,,,
24-02-2020,3rd Floor Female Night,,,,,,,,,,,,,,,,,,,
23-02-2020,Day Sleep (3rd Floor),,,,,,,,,,,,,,,,,,,
23-02-2020,3rd Floor Female Night,,,,,,,,,,,,,,,,,,,
22-02-2020,3rd Floor Female Night,,,,,,,,,,,,,,,,,,,
21-02-2020,3rd Floor Female Night,,,,,,,,,,,,,,,,,,,
21-02-2020,Day Sleep (3rd Floor),,,,,,,,,,,,,,,,,,,
20-02-2020,3rd Floor Female Night,,,,,,,,,,,,,,,,,,,
19-02-2020,3rd Floor Female Night,,,,,,,,,,,,,,,,,,,
19-02-2020,Day Sleep (3rd Floor),,,,,,,,,,,,,,,,,,,
18-02-2020,3rd Floor Female Night,,,,,,,,,,,,,,,,,,,
17-02-2020,Day Sleep (3rd Floor),,,,,,,,,,,,,,,,,,,
17-02-2020,3rd Floor Female Night,,,,,,,,,,,,,,,,,,,
16-02-2020,Day Sleep (3rd Floor),,,,,,,,,,,,,,,,,,,
16-02-2020,3rd Floor Female Night,,,,,,,,,,,,,,,,,,,
15-02-2020,3rd Floor Female Night,,,,,,,,,,,,,,,,,,,
14-02-2020,3rd Floor Female Night,,,,,,,,,,,,,,,,,,,
14-02-2020,Day Sleep (3rd Floor),,,,,,,,,,,,,,,,,,,
13-02-2020,3rd Floor Female Night,,,,,,,,,,,,,,,,,,,
12-02-2020,Day Sleep (3rd Floor),,,,,,,,,,,,,,,,,,,
12-02-2020,3rd Floor Female Night,,,,,,,,,,,,,,,,,,,
11-02-2020,3rd Floor Female Night,,,,,,,,,,,,,,,,,,,
11-02-2020,Day Sleep (3rd Floor),,,,,,,,,,,,,,,,,,,
10-02-2020,3rd Floor Female Night,,,,,,,,,,,,,,,,,,,
10-02-2020,Day Sleep (3rd Floor),,,,,,,,,,,,,,,,,,,
09-02-2020,Day Sleep (3rd Floor),,,,,,,,,,,,,,,,,,,
09-02-2020,3rd Floor Female Night,,,,,,,,,,,,,,,,,,,
08-02-2020,3rd Floor Female Night,,,,,,,,,,,,,,,,,,,
08-02-2020,Day Sleep (3rd Floor),,,,,,,,,,,,,,,,,,,
07-02-2020,3rd Floor Female Night,,,,,,,,,,,,,,,,,,,
07-02-2020,Day Sleep (3rd Floor),,,,,,,,,,,,,,,,,,,
06-02-2020,3rd Floor Female Night,,,,,,,,,,,,,,,,,,,
06-02-2020,Day Sleep (3rd Floor),,,,,,,,,,,,,,,,,,,
05-02-2020,3rd Floor Female Night,,,,,,,,,,,,,,,,,,,
27-01-2020,Day Sleep (3rd Floor),,,,,,,,,,,,,,,,,,,
27-01-2020,3rd Floor Female Night,,,,,,,,,,,,,,,,,,,
26-01-2020,3rd Floor Female Night,,,,,,,,,,,,,,,,,,,
26-01-2020,Day Sleep (3rd Floor),,,,,,,,,,,,,,,,,,,
25-01-2020,3rd Floor Female Night,,,,,,,,,,,,,,,,,,,
24-01-2020,Day Sleep (3rd Floor),,,,,,,,,,,,,,,,,,,
24-01-2020,3rd Floor Female Night,,,,,,,,,,,,,,,,,,,
23-01-2020,3rd Floor Female Night,,,,,,,,,,,,,,,,,,,
22-01-2020,Day Sleep (3rd Floor),,,,,,,,,,,,,,,,,,,
22-01-2020,3rd Floor Female Night,,,,,,,,,,,,,,,,,,,
21-01-2020,Day Sleep (3rd Floor),,,,,,,,,,,,,,,,,,,
21-01-2020,3rd Floor Female Night,,,,,,,,,,,,,,,,,,,
20-01-2020,Day Sleep (3rd Floor),,,,,,,,,,,,,,,,,,,
20-01-2020,3rd Floor Female Night,,,,,,,,,,,,,,,,,,,
19-01-2020,3rd Floor Female Night,,,,,,,,,,,,,,,,,,,
18-01-2020,3rd Floor Female Night,,,,,,,,,,,,,,,,,,,
17-01-2020,3rd Floor Female Night,,,,,,,,,,,,,,,,,,,
17-01-2020,Day Sleep (3rd Floor),,,,,,,,,,,,,,,,,,,
16-01-2020,3rd Floor Female Night,,,,,,,,,,,,,,,,,,,
16-01-2020,Day Sleep (3rd Floor),,,,,,,,,,,,,,,,,,,
15-01-2020,Day Sleep (3rd Floor),,,,,,,,,,,,,,,,,,,
15-01-2020,3rd Floor Female Night,,,,,,,,,,,,,,,,,,,
14-01-2020,3rd Floor Female Night,,,,,,,,,,,,,,,,,,,
13-01-2020,3rd Floor Female Night,,,,,,,,,,,,,,,,,,,
13-01-2020,Day Sleep (3rd Floor),,,,,,,,,,,,,,,,,,,
12-01-2020,3rd Floor Female Night,,,,,,,,,,,,,,,,,,,
12-01-2020,Day Sleep (3rd Floor),,,,,,,,,,,,,,,,,,,
11-01-2020,Day Sleep (3rd Floor),,,,,,,,,,,,,,,,,,,
11-01-2020,3rd Floor Female Night,,,,,,,,,,,,,,,,,,,
10-01-2020,Day Sleep (3rd Floor),,,,,,,,,,,,,,,,,,,
10-01-2020,3rd Floor Female Night,,,,,,,,,,,,,,,,,,,
09-01-2020,3rd Floor Female Night,,,,,,,,,,,,,,,,,,,
09-01-2020,Day Sleep (3rd Floor),,,,,,,,,,,,,,,,,,,
08-01-2020,Day Sleep (3rd Floor),,,,,,,,,,,,,,,,,,,
08-01-2020,3rd Floor Female Night,,,,,,,,,,,,,,,,,,,
07-01-2020,3rd Floor Female Night,,,,,,,,,,,,,,,,,,,
07-01-2020,Day Sleep (3rd Floor),,,,,,,,,,,,,,,,,,,
06-01-2020,Day Sleep (3rd Floor),,,,,,,,,,,,,,,,,,,
06-01-2020,3rd Floor Female Night,,,,,,,,,,,,,,,,,,,
05-01-2020,Day Sleep (3rd Floor),,,,,,,,,,,,,,,,,,,
05-01-2020,3rd Floor Female Night,,,,,,,,,,,,,,,,,,,
04-01-2020,3rd Floor Female Night,,,,,,,,,,,,,,,,,,,
04-01-2020,Day Sleep (3rd Floor),,,,,,,,,,,,,,,,,,,
03-01-2020,3rd Floor Female Night,,,,,,,,,,,,,,,,,,,
03-01-2020,Day Sleep (3rd Floor),,,,,,,,,,,,,,,,,,,
02-01-2020,Day Sleep (3rd Floor),,,,,,,,,,,,,,,,,,,
02-01-2020,3rd Floor Female Night,,,,,,,,,,,,,,,,,,,
01-01-2020,Day Sleep (3rd Floor),,,,,,,,,,,,,,,,,,,
01-01-2020,3rd Floor Female Night,,,,,,,,,,,,,,,,,,,
31-03-2020,3rd Floor Female Night,,,,,,,,,,,,,,,,,,,
31-03-2020,Day Sleep (3rd Floor),,,,,,,,,,,,,,,,,,,
30-03-2020,Day Sleep (3rd Floor),,,,,,,,,,,,,,,,,,,
30-03-2020,3rd Floor Female Night,,,,,,,,,,,,,,,,,,,
29-03-2020,3rd Floor Female Night,,,,,,,,,,,,,,,,,,,
29-03-2020,Day Sleep (3rd Floor),,,,,,,,,,,,,,,,,,,
28-03-2020,3rd Floor Female Night,,,,,,,,,,,,,,,,,,,
27-03-2020,3rd Floor Female Night,,,,,,,,,,,,,,,,,,,
27-03-2020,Day Sleep (3rd Floor),,,,,,,,,,,,,,,,,,,
26-03-2020,3rd Floor Female Night,,,,,,,,,,,,,,,,,,,
25-03-2020,Day Sleep (3rd Floor),,,,,,,,,,,,,,,,,,,
25-03-2020,3rd Floor Female Night,,,,,,,,,,,,,,,,,,,
24-03-2020,Day Sleep (3rd Floor),,,,,,,,,,,,,,,,,,,
24-03-2020,3rd Floor Female Night,,,,,,,,,,,,,,,,,,,
23-03-2020,3rd Floor Female Night,,,,,,,,,,,,,,,,,,,
23-03-2020,Day Sleep (3rd Floor),,,,,,,,,,,,,,,,,,,
22-03-2020,3rd Floor Female Night,,,,,,,,,,,,,,,,,,,
22-03-2020,Day Sleep (3rd Floor),,,,,,,,,,,,,,,,,,,
21-03-2020,3rd Floor Female Night,,,,,,,,,,,,,,,,,,,
20-03-2020,3rd Floor Female Night,,,,,,,,,,,,,,,,,,,
20-03-2020,Day Sleep (3rd Floor),,,,,,,,,,,,,,,,,,,
19-03-2020,3rd Floor Female Night,,,,,,,,,,,,,,,,,,,
18-03-2020,Day Sleep (3rd Floor),,,,,,,,,,,,,,,,,,,
18-03-2020,3rd Floor Female Night,,,,,,,,,,,,,,,,,,,
17-03-2020,3rd Floor Female Night,,,,,,,,,,,,,,,,,,,
17-03-2020,Day Sleep (3rd Floor),,,,,,,,,,,,,,,,,,,
16-03-2020,Day Sleep (3rd Floor),,,,,,,,,,,,,,,,,,,
16-03-2020,3rd Floor Female Night,,,,,,,,,,,,,,,,,,,
15-03-2020,Day Sleep (3rd Floor),,,,,,,,,,,,,,,,,,,
15-03-2020,3rd Floor Female Night,,,,,,,,,,,,,,,,,,,
14-03-2020,3rd Floor Female Night,,,,,,,,,,,,,,,,,,,
13-03-2020,Day Sleep (3rd Floor),,,,,,,,,,,,,,,,,,,
13-03-2020,3rd Floor Female Night,,,,,,,,,,,,,,,,,,,
12-03-2020,3rd Floor Female Night,,,,,,,,,,,,,,,,,,,
11-03-2020,Day Sleep (3rd Floor),,,,,,,,,,,,,,,,,,,
11-03-2020,3rd Floor Female Night,,,,,,,,,,,,,,,,,,,
10-03-2020,3rd Floor Female Night,,,,,,,,,,,,,,,,,,,
10-03-2020,Day Sleep (3rd Floor),,,,,,,,,,,,,,,,,,,
09-03-2020,3rd Floor Female Night,,,,,,,,,,,,,,,,,,,
09-03-2020,Day Sleep (3rd Floor),,,,,,,,,,,,,,,,,,,
08-03-2020,Day Sleep (3rd Floor),,,,,,,,,,,,,,,,,,,
08-03-2020,3rd Floor Female Night,,,,,,,,,,,,,,,,,,,
07-03-2020,3rd Floor Female Night,,,,,,,,,,,,,,,,,,,
18-04-2020,Day Sleep (3rd Floor),,,,,,,,,,,,,,,,,,,
01-04-2020,Day Sleep (3rd Floor),,,,,,,,,,,,,,,,,,,
29-04-2020,3rd Floor Female Night,,,,,,,,,,,,,,,,,,,
28-04-2020,3rd Floor Female Night,,,,,,,,,,,,,,,,,,,
27-04-2020,3rd Floor Female Night,,,,,,,,,,,,,,,,,,,
26-04-2020,3rd Floor Female Night,,,,,,,,,,,,,,,,,,,
25-04-2020,3rd Floor Female Night,,,,,,,,,,,,,,,,,,,
23-04-2020,3rd Floor Female Night,,,,,,,,,,,,,,,,,,,
19-04-2020,3rd Floor Female Night,,,,,,,,,,,,,,,,,,,
26-04-2020,Day Sleep (3rd Floor),,,,,,,,,,,,,,,,,,,
25-04-2020,Day Sleep (3rd Floor),,,,,,,,,,,,,,,,,,,
23-04-2020,Day Sleep (3rd Floor),,,,,,,,,,,,,,,,,,,
19-04-2020,Day Sleep (3rd Floor),,,,,,,,,,,,,,,,,,,
30-04-2020,3rd Floor Female Night,,,,,,,,,,,,,,,,,,,
24-04-2020,3rd Floor Female Night,,,,,,,,,,,,,,,,,,,
21-04-2020,Day Sleep (3rd Floor),,,,,,,,,,,,,,,,,,,
20-04-2020,Day Sleep (3rd Floor),,,,,,,,,,,,,,,,,,,
30-06-2020,4th Floor,,,,,,,,,,,,,,,,,,,
29-06-2020,4th Floor,,,,,,,,,,,,,,,,,,,
28-06-2020,4th Floor,,,,,,,,,,,,,,,,,,,
27-06-2020,4th Floor,,,,,,,,,,,,,,,,,,,
26-06-2020,4th Floor,,,,,,,,,,,,,,,,,,,
25-06-2020,4th Floor,,,,,,,,,,,,,,,,,,,
24-06-2020,4th Floor,,,,,,,,,,,,,,,,,,,
23-06-2020,4th Floor,,,,,,,,,,,,,,,,,,,
22-06-2020,4th Floor,,,,,,,,,,,,,,,,,,,
21-06-2020,4th Floor,,,,,,,,,,,,,,,,,,,
20-06-2020,3rd Floor Male,,,,,,,,,,,,,,,,,,,
19-06-2020,3rd Floor Male,,,,,,,,,,,,,,,,,,,
18-06-2020,3rd Floor Male,,,,,,,,,,,,,,,,,,,
17-06-2020,3rd Floor Male,,,,,,,,,,,,,,,,,,,
16-06-2020,3rd Floor Male,,,,,,,,,,,,,,,,,,,
15-06-2020,3rd Floor Male,,,,,,,,,,,,,,,,,,,
14-06-2020,3rd Floor Male,,,,,,,,,,,,,,,,,,,
13-06-2020,3rd Floor Male,,,,,,,,,,,,,,,,,,,
12-06-2020,3rd Floor Male,,,,,,,,,,,,,,,,,,,
11-06-2020,3rd Floor Male,,,,,,,,,,,,,,,,,,,
10-06-2020,3rd Floor Male,,,,,,,,,,,,,,,,,,,
09-06-2020,3rd Floor Male,,,,,,,,,,,,,,,,,,,
08-06-2020,3rd Floor Male,,,,,,,,,,,,,,,,,,,
07-06-2020,3rd Floor Male,,,,,,,,,,,,,,,,,,,
29-05-2020,3rd Floor Male,,,,,,,,,,,,,,,,,,,
28-05-2020,3rd Floor Male,,,,,,,,,,,,,,,,,,,
27-05-2020,3rd Floor Male,,,,,,,,,,,,,,,,,,,
26-05-2020,3rd Floor Male,,,,,,,,,,,,,,,,,,,
25-05-2020,3rd Floor Male,,,,,,,,,,,,,,,,,,,
24-05-2020,3rd Floor Male,,,,,,,,,,,,,,,,,,,
23-05-2020,3rd Floor Male,,,,,,,,,,,,,,,,,,,
21-05-2020,3rd Floor Male,,,,,,,,,,,,,,,,,,,
20-05-2020,3rd Floor Male,,,,,,,,,,,,,,,,,,,
19-05-2020,3rd Floor Male,,,,,,,,,,,,,,,,,,,
18-05-2020,3rd Floor Male,,,,,,,,,,,,,,,,,,,
17-05-2020,3rd Floor Male,,,,,,,,,,,,,,,,,,,
16-05-2020,3rd Floor Male,,,,,,,,,,,,,,,,,,,
15-05-2020,3rd Floor Male,,,,,,,,,,,,,,,,,,,
14-05-2020,3rd Floor Male,,,,,,,,,,,,,,,,,,,
13-05-2020,3rd Floor Male,,,,,,,,,,,,,,,,,,,
12-05-2020,3rd Floor Male,,,,,,,,,,,,,,,,,,,
11-05-2020,3rd Floor Male,,,,,,,,,,,,,,,,,,,
10-05-2020,3rd Floor Male,,,,,,,,,,,,,,,,,,,
09-05-2020,3rd Floor Male,,,,,,,,,,,,,,,,,,,
08-05-2020,3rd Floor Male,,,,,,,,,,,,,,,,,,,
