Sleep,Program,,,,,,,,,,,,,,,,,,
28-09-2022,3rd Floor Male,,,,,,,,,,,,,,,,,,
26-09-2022,3rd Floor Male,,,,,,,,,,,,,,,,,,
25-09-2022,3rd Floor Male,,,,,,,,,,,,,,,,,,
24-09-2022,3rd Floor Male,,,,,,,,,,,,,,,,,,
23-09-2022,3rd Floor Male,,,,,,,,,,,,,,,,,,
22-09-2022,3rd Floor Male,,,,,,,,,,,,,,,,,,
21-09-2022,3rd Floor Male,,,,,,,,,,,,,,,,,,
20-09-2022,3rd Floor Male,,,,,,,,,,,,,,,,,,
20-09-2022,3rd Floor Male,,,,,,,,,,,,,,,,,,
17-09-2022,3rd Floor Male,,,,,,,,,,,,,,,,,,
11-06-2022,3rd Floor Male,,,,,,,,,,,,,,,,,,
01-06-2022,4th Floor,,,,,,,,,,,,,,,,,,
25-05-2022,4th Floor,,,,,,,,,,,,,,,,,,
23-05-2022,4th Floor,,,,,,,,,,,,,,,,,,
21-05-2022,4th Floor,,,,,,,,,,,,,,,,,,
20-05-2022,4th Floor,,,,,,,,,,,,,,,,,,
19-05-2022,4th Floor,,,,,,,,,,,,,,,,,,
18-05-2022,4th Floor,,,,,,,,,,,,,,,,,,
17-05-2022,4th Floor,,,,,,,,,,,,,,,,,,
15-05-2022,4th Floor,,,,,,,,,,,,,,,,,,
14-05-2022,4th Floor,,,,,,,,,,,,,,,,,,
13-05-2022,4th Floor,,,,,,,,,,,,,,,,,,
12-05-2022,4th Floor,,,,,,,,,,,,,,,,,,
11-05-2022,4th Floor,,,,,,,,,,,,,,,,,,
11-05-2022,4th Floor,,,,,,,,,,,,,,,,,,
10-05-2022,4th Floor,,,,,,,,,,,,,,,,,,
09-05-2022,3rd Floor Male,,,,,,,,,,,,,,,,,,
05-03-2021,4th Floor,,,,,,,,,,,,,,,,,,
01-03-2021,4th Floor,,,,,,,,,,,,,,,,,,
25-02-2021,4th Floor,,,,,,,,,,,,,,,,,,
22-02-2021,4th Floor,,,,,,,,,,,,,,,,,,
21-02-2021,4th Floor,,,,,,,,,,,,,,,,,,
20-02-2021,4th Floor,,,,,,,,,,,,,,,,,,
18-02-2021,4th Floor,,,,,,,,,,,,,,,,,,
17-02-2021,4th Floor,,,,,,,,,,,,,,,,,,
16-02-2021,4th Floor,,,,,,,,,,,,,,,,,,
15-02-2021,4th Floor,,,,,,,,,,,,,,,,,,
13-02-2021,4th Floor,,,,,,,,,,,,,,,,,,
12-02-2021,4th Floor,,,,,,,,,,,,,,,,,,
11-02-2021,4th Floor,,,,,,,,,,,,,,,,,,
10-02-2021,4th Floor,,,,,,,,,,,,,,,,,,
09-02-2021,4th Floor,,,,,,,,,,,,,,,,,,
08-02-2021,4th Floor,,,,,,,,,,,,,,,,,,
07-02-2021,4th Floor,,,,,,,,,,,,,,,,,,
06-02-2021,4th Floor,,,,,,,,,,,,,,,,,,
05-02-2021,4th Floor,,,,,,,,,,,,,,,,,,
04-02-2021,4th Floor,,,,,,,,,,,,,,,,,,
03-02-2021,4th Floor,,,,,,,,,,,,,,,,,,
02-02-2021,4th Floor,,,,,,,,,,,,,,,,,,
01-02-2021,4th Floor,,,,,,,,,,,,,,,,,,
31-01-2021,4th Floor,,,,,,,,,,,,,,,,,,
30-01-2021,2nd Floor Night Overflow,,,,,,,,,,,,,,,,,,
29-01-2021,2nd Floor Night Overflow,,,,,,,,,,,,,,,,,,
13-11-2020,2nd Floor Night Overflow,,,,,,,,,,,,,,,,,,
27-08-2020,2nd Floor Night Overflow,,,,,,,,,,,,,,,,,,
26-08-2020,2nd Floor Night Overflow,,,,,,,,,,,,,,,,,,
04-08-2020,2nd Floor Night Overflow,,,,,,,,,,,,,,,,,,
03-08-2020,2nd Floor Night Overflow,,,,,,,,,,,,,,,,,,
02-08-2020,2nd Floor Night Overflow,,,,,,,,,,,,,,,,,,
01-08-2020,2nd Floor Night Overflow,,,,,,,,,,,,,,,,,,
31-07-2020,2nd Floor Night Overflow,,,,,,,,,,,,,,,,,,
01-05-2020,Home Care In Shelter,,,,,,,,,,,,,,,,,,
07-05-2020,4th Floor,,,,,,,,,,,,,,,,,,
05-05-2020,4th Floor,,,,,,,,,,,,,,,,,,
